"","site_id","site","reserve","sample_date","sample_year","depth_category","season","visibility","date_id","taxonomy_group","long","lat","tag","n_species_sample","n_ind_sample","Acantholabrus palloni","Argyrosomus regius","Atherinomorus forskalii","Balistes capriscus","Cheilodipterus novemstriatus","Chromis chromis","Coris julis","Dasyatis pastinaca","Diplodos cervinus","Diplodus cervinus","Diplodus puntazzo","Diplodus sargus","Diplodus vulgaris","Echeneis sp","Epinephelus costae","Epinephelus marginatus","Fistularia commersonii","Gobius bucchichi","Gobius vittatus","Himantura uarnak","Muraena helena","Mycteroperca rubra","Pagrus auriga","Pagrus caeruleostictus","Parablennius rouxi","Parupeneus forsskali","Pteragogus pelycus","Pterois miles","Rhabdosargus haffara","Salpa salpa","Saprisoma cretense","Sardin sp","Sargocentron rubrum","Scarus ghobban","Sciaena umbra","Scomber sp","Scomberomorus commerson","Seriola dumerili","Serranus cabrilla","Serranus scriba","Siganus luridus","Siganus rivulatus","Sparisoma cretense","Symphodus mediterraneus","Symphodus tinca","Synodus saurus","Taeniurops grabatus","Thalassoma pavo","Torquigener flavimaculosus"
"1","Achziv10","Achziv","R","01/05/2019",2019,10,"Spring",8,18017,"fish",35.092,33.073,"Achziv103Spring2019",6,114,0,0,0,0,0,10,3,0,0,0,0,0,0,0,1,3,0,0,0,0,0,0,0,0,0,0,0,0,0,0,0,0,0,0,0,0,0,0,0,0,41,0,0,0,0,0,0,56,0
"2","Achziv10","Achziv","R","01/05/2019",2019,10,"Spring",9,18017,"fish",35.092,33.073,"Achziv101Spring2019",6,35,0,0,0,0,0,0,2,0,0,0,0,0,0,0,1,3,0,0,0,0,0,6,0,0,0,0,0,0,0,0,0,0,0,0,0,0,0,0,0,0,10,0,0,0,0,0,0,13,0
"3","Achziv10","Achziv","R","01/05/2019",2019,10,"Spring",9,18017,"fish",35.092,33.073,"Achziv102Spring2019",7,52,0,0,0,0,0,14,0,0,0,0,0,0,0,0,1,2,0,0,0,0,0,4,0,0,0,0,0,0,0,0,1,0,0,0,0,0,0,0,0,0,16,0,0,0,0,0,0,14,0
"4","Achziv10","Achziv","R","01/05/2019",2019,10,"Spring",10,18017,"fish",35.092,33.073,"Achziv104Spring2019",5,72,0,0,0,0,0,31,1,0,0,0,0,0,0,0,0,0,0,0,0,0,0,1,0,0,0,0,0,0,0,0,0,0,0,0,0,0,0,0,1,0,0,0,0,0,0,0,0,38,0
"5","Achziv10","Achziv","R","05/05/2017",2017,10,"Spring",8,17291,"fish",35.092,33.073,"Achziv101Spring2017",6,27,0,0,0,0,0,13,0,0,0,0,0,0,0,0,2,1,0,0,0,0,0,1,0,0,0,0,0,0,0,0,0,0,0,0,0,0,0,0,0,1,0,0,0,0,0,0,0,9,0
"6","Achziv10","Achziv","R","05/05/2017",2017,10,"Spring",8,17291,"fish",35.092,33.073,"Achziv102Spring2017",5,122,0,0,0,0,0,109,1,0,0,0,0,0,0,0,0,0,0,0,0,0,0,1,0,0,0,0,0,0,0,0,0,0,0,0,0,0,0,0,0,0,0,5,0,0,0,0,0,6,0
"7","Achziv10","Achziv","R","05/05/2017",2017,10,"Spring",8,17291,"fish",35.092,33.073,"Achziv103Spring2017",4,47,0,0,0,0,0,20,7,0,0,0,0,0,0,0,0,0,0,0,0,0,0,0,0,0,0,0,0,0,0,0,0,0,0,0,0,0,0,0,0,0,0,0,0,0,0,0,0,19,1
"8","Achziv10","Achziv","R","05/05/2017",2017,10,"Spring",8,17291,"fish",35.092,33.073,"Achziv104Spring2017",7,63,0,0,0,0,0,50,2,0,0,0,0,0,0,0,0,0,0,0,0,0,0,2,0,0,0,0,0,0,0,0,0,0,0,0,0,0,0,0,0,0,3,2,0,0,0,0,0,2,2
"9","Achziv10","Achziv","R","05/11/2019",2019,10,"Fall",9,18205,"fish",35.092,33.073,"Achziv101Fall2019",8,112,0,0,0,0,0,10,0,0,0,0,0,0,0,0,0,2,0,0,0,0,0,1,0,0,0,0,0,0,0,0,0,0,1,0,0,0,0,0,0,0,8,53,0,0,0,0,0,33,4
"10","Achziv10","Achziv","R","05/11/2019",2019,10,"Fall",10,18205,"fish",35.092,33.073,"Achziv102Fall2019",9,188,0,0,0,0,0,33,0,0,0,0,0,0,0,0,0,1,0,0,0,0,0,4,0,0,0,1,0,2,0,0,0,0,2,0,0,0,0,0,0,0,92,50,0,0,0,0,0,3,0
"11","Achziv10","Achziv","R","05/11/2019",2019,10,"Fall",10,18205,"fish",35.092,33.073,"Achziv103Fall2019",8,68,0,0,0,0,0,0,3,0,0,0,0,0,0,0,1,3,0,0,0,0,0,8,0,0,0,3,0,0,0,0,0,0,0,0,0,0,0,0,0,0,30,15,0,0,0,0,0,5,0
"12","Achziv10","Achziv","R","05/11/2019",2019,10,"Fall",10,18205,"fish",35.092,33.073,"Achziv104Fall2019",9,160,0,0,0,0,0,77,6,0,0,0,0,0,0,0,1,0,0,0,0,0,0,0,0,0,0,22,0,0,0,0,5,0,0,0,0,0,0,0,1,0,31,2,0,0,0,0,0,15,0
"13","Achziv10","Achziv","R","09/05/2016",2016,10,"Spring",10,16930,"fish",35.092,33.073,"Achziv101Spring2016",6,36,0,0,0,0,0,21,9,0,0,0,0,0,0,0,0,0,0,0,0,0,0,1,0,0,1,0,0,0,0,0,0,0,2,0,0,0,0,0,0,0,0,0,0,0,0,0,0,2,0
"14","Achziv10","Achziv","R","09/05/2016",2016,10,"Spring",10,16930,"fish",35.092,33.073,"Achziv102Spring2016",9,91,0,0,0,0,0,38,2,0,0,0,0,0,0,0,0,2,0,0,0,0,0,1,0,0,0,0,0,0,0,0,27,0,2,0,0,0,0,0,0,0,2,9,0,0,0,0,0,8,0
"15","Achziv10","Achziv","R","09/05/2016",2016,10,"Spring",10,16930,"fish",35.092,33.073,"Achziv103Spring2016",5,51,0,0,0,0,0,23,16,0,0,0,0,0,0,0,0,0,0,0,0,0,0,0,0,0,0,0,0,0,0,0,0,0,4,0,0,0,0,0,0,0,0,4,0,0,0,0,0,4,0
"16","Achziv10","Achziv","R","09/05/2016",2016,10,"Spring",10,16930,"fish",35.092,33.073,"Achziv104Spring2016",4,10,0,0,0,0,0,4,2,0,0,0,0,0,0,0,0,0,0,0,0,0,0,0,0,0,0,0,0,0,0,0,0,0,0,0,0,0,0,0,0,0,1,0,0,0,0,0,0,3,0
"17","Achziv10","Achziv","R","09/11/2017",2017,10,"Fall",8,17479,"fish",35.092,33.073,"Achziv101Fall2017",5,261,0,0,0,0,0,80,11,0,0,0,0,0,0,0,0,0,0,0,0,0,0,0,0,0,0,0,0,0,0,0,0,0,0,0,0,0,0,0,0,0,20,145,0,0,0,0,0,5,0
"18","Achziv10","Achziv","R","09/11/2017",2017,10,"Fall",8,17479,"fish",35.092,33.073,"Achziv102Fall2017",7,171,0,0,0,0,0,110,6,0,0,0,0,0,0,0,11,0,0,0,0,0,0,0,0,0,0,3,0,0,0,0,0,0,2,0,0,0,0,0,0,0,0,34,0,0,0,0,0,5,0
"19","Achziv10","Achziv","R","09/11/2017",2017,10,"Fall",8,17479,"fish",35.092,33.073,"Achziv103Fall2017",7,181,0,0,0,0,0,84,10,0,0,0,0,0,0,0,0,0,0,0,0,0,0,0,0,0,0,1,0,0,0,0,0,0,1,0,0,0,0,0,0,0,0,80,0,0,0,0,1,4,0
"20","Achziv10","Achziv","R","09/11/2017",2017,10,"Fall",8,17479,"fish",35.092,33.073,"Achziv104Fall2017",7,148,0,0,0,0,0,90,0,0,0,0,0,0,0,0,0,0,0,0,0,0,0,0,0,0,0,2,0,0,0,0,0,0,1,0,0,0,0,0,0,0,0,40,1,0,0,0,0,11,3
"21","Achziv10","Achziv","R","10/04/2018",2018,10,"Spring",6,17631,"fish",35.092,33.073,"Achziv101Spring2018",7,152,0,0,0,0,0,116,2,0,0,0,0,0,0,0,2,0,0,0,0,0,0,0,0,0,0,0,0,0,0,0,3,0,0,0,0,0,0,0,0,0,10,16,0,0,0,0,0,3,0
"22","Achziv10","Achziv","R","10/04/2018",2018,10,"Spring",6,17631,"fish",35.092,33.073,"Achziv102Spring2018",7,117,0,0,0,0,0,88,0,0,0,0,0,0,0,0,1,0,0,0,0,0,0,1,0,0,0,0,0,0,0,0,0,0,1,0,0,0,0,0,0,0,22,3,0,0,0,0,0,1,0
"23","Achziv10","Achziv","R","10/04/2018",2018,10,"Spring",6,17631,"fish",35.092,33.073,"Achziv103Spring2018",5,130,0,0,0,0,0,91,16,0,0,0,0,0,0,0,0,0,0,0,0,0,0,0,0,0,0,0,0,0,1,0,0,0,0,0,0,0,0,0,0,0,16,0,0,0,0,0,0,6,0
"24","Achziv10","Achziv","R","10/04/2018",2018,10,"Spring",6,17631,"fish",35.092,33.073,"Achziv104Spring2018",7,76,0,0,0,0,0,50,5,0,0,0,0,0,0,0,0,1,0,0,0,0,0,0,0,0,0,0,0,0,0,0,0,0,3,0,0,0,0,0,0,0,3,11,0,0,0,0,0,3,0
"25","Achziv10","Achziv","R","10/05/2022",2022,10,"Spring",9,19122,"fish",35.092,33.073,"Achziv101Spring2022",7,103,0,0,0,0,0,20,0,0,0,0,0,0,0,0,2,2,0,0,0,0,0,8,0,0,0,0,0,0,0,0,0,0,0,0,0,0,0,0,0,4,45,0,0,0,0,0,0,22,0
"26","Achziv10","Achziv","R","10/05/2022",2022,10,"Spring",9,19122,"fish",35.092,33.073,"Achziv102Spring2022",5,74,0,0,0,0,0,22,0,0,0,0,0,0,0,0,2,4,0,0,0,0,0,0,0,0,0,0,0,0,0,0,0,0,0,0,0,0,0,0,0,0,34,0,0,0,0,0,0,12,0
"27","Achziv10","Achziv","R","10/05/2022",2022,10,"Spring",9,19122,"fish",35.092,33.073,"Achziv103Spring2022",6,124,0,0,0,0,0,27,2,0,0,0,0,0,0,0,1,2,0,0,0,0,0,0,0,0,0,0,0,0,0,0,0,0,0,0,0,0,0,0,0,0,67,0,0,0,0,0,0,25,0
"28","Achziv10","Achziv","R","10/05/2022",2022,10,"Spring",9,19122,"fish",35.092,33.073,"Achziv104Spring2022",7,125,0,0,0,0,0,70,0,0,0,0,0,0,0,0,2,4,0,0,0,0,0,3,0,0,0,0,0,0,0,0,0,0,0,4,0,0,0,0,0,0,38,0,0,0,0,0,0,4,0
"29","Achziv10","Achziv","R","11/05/2020",2020,10,"Spring",8,18393,"fish",35.092,33.073,"Achziv101Spring2020",9,108,0,0,0,0,0,20,0,0,0,0,0,0,0,0,1,1,0,0,0,0,0,4,0,1,0,0,0,1,0,0,0,0,0,0,0,0,0,0,0,0,40,10,0,0,0,0,0,30,0
"30","Achziv10","Achziv","R","11/05/2020",2020,10,"Spring",8,18393,"fish",35.092,33.073,"Achziv102Spring2020",8,205,0,0,0,0,0,160,0,4,0,0,0,0,0,0,1,4,0,0,0,0,0,4,0,0,0,0,0,1,0,0,0,0,0,0,0,0,0,0,0,0,0,11,0,0,0,0,0,20,0
"31","Achziv10","Achziv","R","11/05/2020",2020,10,"Spring",8,18393,"fish",35.092,33.073,"Achziv104Spring2020",6,138,0,0,0,0,0,5,20,0,0,0,0,0,0,0,0,0,0,0,0,0,0,0,0,0,0,1,0,0,0,0,0,0,0,0,0,0,0,0,3,0,0,4,0,0,0,0,0,105,0
"32","Achziv10","Achziv","R","14/10/2021",2021,10,"Fall",8,18914,"fish",35.092,33.073,"Achziv101Fall2021",7,323,0,0,0,0,0,0,0,0,0,0,0,0,0,0,0,3,0,0,0,0,0,5,0,0,0,0,0,2,0,0,0,0,1,2,0,0,0,0,0,0,200,110,0,0,0,0,0,0,0
"33","Achziv10","Achziv","R","14/10/2021",2021,10,"Fall",8,18914,"fish",35.092,33.073,"Achziv102Fall2021",9,129,0,0,0,0,0,1,0,0,0,0,0,0,0,0,1,1,0,0,0,0,0,7,0,0,0,5,0,0,0,0,0,0,0,0,0,0,0,0,1,0,66,45,0,0,0,0,0,2,0
"34","Achziv10","Achziv","R","14/10/2021",2021,10,"Fall",8,18914,"fish",35.092,33.073,"Achziv103Fall2021",6,189,0,0,0,0,0,170,0,0,0,0,0,0,0,0,0,4,0,0,0,0,0,2,0,0,0,2,0,0,0,0,0,0,1,0,0,0,0,0,0,0,0,10,0,0,0,0,0,0,0
"35","Achziv10","Achziv","R","14/10/2021",2021,10,"Fall",8,18914,"fish",35.092,33.073,"Achziv104Fall2021",6,200,0,0,0,0,0,0,0,0,0,0,0,0,0,0,1,3,0,0,0,0,0,13,0,0,0,0,0,0,0,0,0,0,0,0,0,0,0,0,0,0,80,100,0,0,0,0,0,3,0
"36","Achziv10","Achziv","R","18/11/2015",2015,10,"Fall",12,16757,"fish",35.092,33.073,"Achziv101Fall2015",7,80,0,0,0,0,0,11,3,0,0,0,0,0,0,0,1,0,0,0,0,0,0,1,0,0,0,0,0,0,0,0,0,0,0,0,0,0,0,0,0,0,7,54,0,0,0,0,0,3,0
"37","Achziv10","Achziv","R","18/11/2015",2015,10,"Fall",12,16757,"fish",35.092,33.073,"Achziv102Fall2015",6,144,0,0,0,0,0,83,2,0,0,0,0,0,0,0,0,0,0,1,0,0,0,0,0,0,0,0,0,0,0,0,0,0,0,0,0,0,0,0,0,0,17,37,0,0,0,0,0,4,0
"38","Achziv10","Achziv","R","18/11/2015",2015,10,"Fall",12,16757,"fish",35.092,33.073,"Achziv103Fall2015",4,64,0,0,0,0,0,20,4,0,0,0,0,0,0,0,0,0,0,0,0,0,0,0,0,0,0,0,0,0,0,0,0,0,0,0,0,0,0,0,0,0,0,24,0,0,0,0,0,16,0
"39","Achziv10","Achziv","R","18/11/2015",2015,10,"Fall",12,16757,"fish",35.092,33.073,"Achziv104Fall2015",7,66,0,0,0,0,0,32,5,0,0,0,0,0,0,0,1,0,0,0,0,0,0,0,0,0,0,0,0,0,0,0,0,0,0,0,0,0,0,0,0,0,8,11,0,0,0,0,0,8,0
"40","Achziv10","Achziv","R","19/10/2020",2020,10,"Fall",5,18554,"fish",35.092,33.073,"Achziv101Fall2020",7,248,0,0,0,0,0,0,0,0,0,0,0,0,0,0,0,0,0,0,0,0,0,4,0,0,0,2,0,0,0,0,0,0,1,0,0,0,0,0,0,2,140,95,0,0,0,0,0,4,0
"41","Achziv10","Achziv","R","19/10/2020",2020,10,"Fall",7,18554,"fish",35.092,33.073,"Achziv102Fall2020",9,176,0,0,0,0,0,100,0,0,0,0,0,0,0,0,0,2,0,0,0,0,0,11,0,0,0,1,0,0,0,0,0,0,1,0,0,0,0,0,0,0,42,15,1,0,0,0,0,3,0
"42","Achziv10","Achziv","R","19/10/2020",2020,10,"Fall",7,18554,"fish",35.092,33.073,"Achziv103Fall2020",6,200,0,0,0,0,0,0,0,0,0,0,0,0,0,0,0,4,0,0,0,0,0,28,0,0,0,7,0,0,0,0,0,0,0,0,0,0,0,0,0,0,50,100,0,0,0,0,0,11,0
"43","Achziv10","Achziv","R","19/10/2020",2020,10,"Fall",7,18554,"fish",35.092,33.073,"Achziv104Fall2020",9,193,0,0,0,0,0,127,0,0,0,0,0,0,0,0,1,4,0,0,0,0,0,1,0,0,0,2,0,0,0,0,0,0,1,0,0,0,0,0,0,0,5,50,2,0,0,0,0,0,0
"44","Achziv10","Achziv","R","20/04/2015",2015,10,"Spring",10,16545,"fish",35.092,33.073,"Achziv101Spring2015",2,7,0,0,0,0,0,6,0,0,0,0,0,0,0,0,0,1,0,0,0,0,0,0,0,0,0,0,0,0,0,0,0,0,0,0,0,0,0,0,0,0,0,0,0,0,0,0,0,0,0
"45","Achziv10","Achziv","R","20/04/2015",2015,10,"Spring",10,16545,"fish",35.092,33.073,"Achziv102Spring2015",5,7,0,0,0,0,0,3,1,0,0,0,0,0,0,0,0,1,0,0,0,0,0,0,0,0,0,0,0,0,0,0,0,0,1,0,0,0,0,0,0,0,0,0,0,0,0,0,0,1,0
"46","Achziv10","Achziv","R","20/04/2015",2015,10,"Spring",10,16545,"fish",35.092,33.073,"Achziv103Spring2015",3,4,0,0,0,0,0,2,0,0,0,0,0,0,0,0,0,1,0,0,0,0,0,1,0,0,0,0,0,0,0,0,0,0,0,0,0,0,0,0,0,0,0,0,0,0,0,0,0,0,0
"47","Achziv10","Achziv","R","20/04/2015",2015,10,"Spring",10,16545,"fish",35.092,33.073,"Achziv104Spring2015",3,13,0,0,0,0,0,5,0,0,0,0,0,0,0,0,0,2,0,0,0,0,0,0,0,0,0,0,0,0,0,0,0,0,0,0,0,0,0,0,0,0,0,0,0,0,0,0,0,6,0
"48","Achziv10","Achziv","R","20/04/2021",2021,10,"Spring",7,18737,"fish",35.092,33.073,"Achziv101Spring2021",7,128,0,0,0,0,0,10,0,0,0,0,0,0,0,0,0,3,0,0,0,0,0,28,0,0,0,4,0,0,0,0,0,0,0,0,0,0,0,0,0,0,8,50,0,0,0,0,0,25,0
"49","Achziv10","Achziv","R","20/04/2021",2021,10,"Spring",7,18737,"fish",35.092,33.073,"Achziv103Spring2021",7,58,0,0,0,0,0,0,0,0,0,0,0,0,0,0,2,1,0,0,0,0,0,1,0,0,0,0,0,0,0,0,0,0,0,0,0,0,0,0,0,2,10,40,0,0,0,0,0,2,0
"50","Achziv10","Achziv","R","20/04/2021",2021,10,"Spring",8,18737,"fish",35.092,33.073,"Achziv102Spring2021",7,88,0,0,0,0,0,20,1,0,0,0,0,0,0,0,0,0,0,0,0,0,0,5,0,0,0,1,0,0,0,0,0,0,0,0,0,0,0,0,0,0,0,48,2,0,0,0,0,11,0
"51","Achziv10","Achziv","R","20/04/2021",2021,10,"Spring",8,18737,"fish",35.092,33.073,"Achziv104Spring2021",9,109,0,0,0,0,0,2,0,0,0,0,0,0,0,0,0,6,0,0,0,0,0,4,0,0,0,0,0,0,0,0,0,0,1,0,0,0,0,0,0,2,10,70,10,0,0,0,0,4,0
"52","Achziv10","Achziv","R","30/10/2022",2022,10,"Fall",8,19295,"fish",35.092,33.073,"Achziv102Fall2022",10,163,0,0,0,0,0,0,2,0,0,0,0,0,0,0,2,1,0,0,0,0,0,5,0,0,0,6,0,0,0,0,0,0,3,0,0,0,0,0,0,1,105,21,0,0,0,0,0,17,0
"53","Achziv10","Achziv","R","30/10/2022",2022,10,"Fall",10,19295,"fish",35.092,33.073,"Achziv101Fall2022",9,203,0,0,0,0,0,3,0,0,0,0,0,0,0,0,0,5,0,0,0,0,0,6,0,0,0,18,0,4,0,0,0,0,2,0,0,0,0,0,0,0,85,70,0,0,0,0,0,10,0
"54","Achziv10","Achziv","R","30/10/2022",2022,10,"Fall",10,19295,"fish",35.092,33.073,"Achziv103Fall2022",7,178,0,0,0,0,0,0,0,0,0,0,0,0,0,0,1,1,0,0,0,0,0,3,0,0,0,8,0,0,0,0,0,0,0,0,0,0,0,0,0,0,80,58,0,0,0,0,0,27,0
"55","Achziv10","Achziv","R","30/10/2022",2022,10,"Fall",10,19295,"fish",35.092,33.073,"Achziv104Fall2022",9,99,0,0,0,0,0,30,10,0,0,0,0,0,0,0,0,0,0,0,0,0,0,1,0,0,0,9,0,0,0,0,0,0,0,0,0,0,0,0,0,1,17,5,3,0,0,0,0,23,0
"56","Achziv10","Achziv","R","31/10/2018",2018,10,"Fall",9,17835,"fish",35.092,33.073,"Achziv101Fall2018",6,111,0,0,0,0,0,2,0,0,0,0,0,0,0,0,0,3,0,0,0,0,0,8,0,0,0,0,0,0,0,0,0,0,0,0,0,0,0,0,0,0,56,41,0,0,0,0,0,1,0
"57","Achziv10","Achziv","R","31/10/2018",2018,10,"Fall",9,17835,"fish",35.092,33.073,"Achziv102Fall2018",8,127,0,0,0,0,0,47,3,0,0,0,0,0,0,0,0,0,0,0,0,0,0,2,0,0,0,1,0,0,0,0,0,0,0,0,0,0,0,0,0,0,34,32,0,0,0,0,0,7,0
"58","Achziv10","Achziv","R","31/10/2018",2018,10,"Fall",9,17835,"fish",35.092,33.073,"Achziv103Fall2018",6,234,0,0,0,0,0,131,6,0,0,0,0,0,0,0,0,0,0,0,0,0,0,0,0,0,0,12,0,0,0,0,0,0,0,0,0,0,0,0,0,0,36,35,0,0,0,0,0,14,0
"59","Achziv10","Achziv","R","31/10/2018",2018,10,"Fall",10,17835,"fish",35.092,33.073,"Achziv104Fall2018",7,97,0,0,0,0,0,20,0,0,0,0,0,0,0,0,0,0,0,0,0,0,0,1,0,0,0,10,0,0,0,0,0,0,0,0,0,0,0,0,0,0,29,29,0,0,1,0,0,7,0
"60","Achziv25","Achziv","R","01/05/2019",2019,25,"Spring",13,18017,"fish",35.092,33.073,"Achziv251Spring2019",6,45,0,0,0,0,0,20,9,0,0,0,0,0,0,0,0,0,0,0,0,0,0,3,0,0,0,0,0,0,0,0,0,0,5,0,0,0,0,0,1,0,0,0,0,0,0,0,0,7,0
"61","Achziv25","Achziv","R","01/05/2019",2019,25,"Spring",13,18017,"fish",35.092,33.073,"Achziv252Spring2019",7,16,0,0,0,0,0,0,1,0,0,0,0,0,0,0,0,3,0,0,0,0,0,1,0,0,0,0,0,0,0,0,0,0,6,0,0,0,0,0,1,0,0,0,0,0,0,0,0,3,1
"62","Achziv25","Achziv","R","01/05/2019",2019,25,"Spring",13,18017,"fish",35.092,33.073,"Achziv253Spring2019",4,21,0,0,0,0,0,0,2,0,0,0,0,0,0,0,1,2,0,0,0,0,0,0,0,0,0,0,0,0,0,0,0,0,16,0,0,0,0,0,0,0,0,0,0,0,0,0,0,0,0
"63","Achziv25","Achziv","R","01/05/2019",2019,25,"Spring",13,18017,"fish",35.092,33.073,"Achziv254Spring2019",6,26,0,0,0,0,0,1,2,0,0,0,0,0,0,0,1,2,0,0,0,0,0,0,0,0,0,0,0,0,0,0,0,0,19,0,0,0,0,0,0,0,0,0,0,0,0,0,0,1,0
"64","Achziv25","Achziv","R","05/05/2017",2017,25,"Spring",11,17291,"fish",35.092,33.073,"Achziv251Spring2017",5,33,0,0,0,0,0,0,4,0,0,0,0,0,0,0,0,2,0,0,0,0,0,0,0,0,0,0,0,0,0,0,0,0,3,0,0,0,0,0,0,0,0,0,0,0,0,0,0,23,1
"65","Achziv25","Achziv","R","05/05/2017",2017,25,"Spring",11,17291,"fish",35.092,33.073,"Achziv252Spring2017",4,18,0,0,0,0,0,1,8,0,0,0,0,0,0,0,0,0,0,0,0,0,0,0,0,0,0,0,0,0,0,0,0,0,8,0,0,0,0,0,0,0,0,0,0,0,0,0,0,1,0
"66","Achziv25","Achziv","R","05/05/2017",2017,25,"Spring",11,17291,"fish",35.092,33.073,"Achziv253Spring2017",5,13,0,0,0,0,0,0,1,0,0,0,0,0,0,0,0,0,0,0,0,0,0,0,0,0,0,0,0,0,0,0,0,0,3,0,0,0,0,0,3,0,0,0,0,0,0,0,0,5,1
"67","Achziv25","Achziv","R","05/05/2017",2017,25,"Spring",11,17291,"fish",35.092,33.073,"Achziv254Spring2017",4,20,0,0,0,0,0,1,1,0,0,0,0,0,0,0,0,0,0,0,0,0,0,0,0,0,0,0,0,0,0,0,0,0,13,0,0,0,0,0,0,0,0,0,0,0,0,0,0,5,0
"68","Achziv25","Achziv","R","05/11/2019",2019,25,"Fall",7,18205,"fish",35.092,33.073,"Achziv252Fall2019",7,81,0,0,0,0,0,60,0,0,0,0,0,0,0,0,0,1,0,0,0,0,0,3,0,0,0,1,0,0,0,0,0,0,9,0,0,0,0,0,0,0,2,0,0,0,0,0,0,5,0
"69","Achziv25","Achziv","R","05/11/2019",2019,25,"Fall",9,18205,"fish",35.092,33.073,"Achziv251Fall2019",7,111,0,0,0,0,0,91,6,0,0,0,0,0,0,0,0,0,0,0,0,0,0,2,0,0,0,3,0,0,0,0,0,0,7,0,0,0,0,0,1,0,0,0,0,0,0,0,0,1,0
"70","Achziv25","Achziv","R","05/11/2019",2019,25,"Fall",9,18205,"fish",35.092,33.073,"Achziv253Fall2019",9,230,0,0,0,0,0,190,3,1,0,0,0,0,0,0,0,1,0,0,0,0,0,4,0,0,0,5,0,0,0,0,0,0,5,0,0,0,0,0,1,0,0,20,0,0,0,0,0,0,0
"71","Achziv25","Achziv","R","05/11/2019",2019,25,"Fall",10,18205,"fish",35.092,33.073,"Achziv254Fall2019",8,114,0,0,0,0,0,90,2,1,0,0,0,0,0,0,0,0,0,0,0,0,0,0,0,0,0,4,0,0,0,0,0,0,10,0,0,0,0,0,0,0,0,3,2,0,0,0,0,2,0
"72","Achziv25","Achziv","R","09/11/2017",2017,25,"Fall",12,17479,"fish",35.092,33.073,"Achziv251Fall2017",7,38,0,0,0,0,0,3,12,0,0,0,0,0,0,0,6,2,0,0,0,0,0,1,0,0,0,0,0,0,0,0,0,0,4,0,0,0,0,0,0,0,0,10,0,0,0,0,0,0,0
"73","Achziv25","Achziv","R","09/11/2017",2017,25,"Fall",12,17479,"fish",35.092,33.073,"Achziv252Fall2017",6,32,0,0,0,0,0,4,10,0,0,0,0,0,0,0,0,0,0,0,0,0,0,0,0,0,0,3,0,0,0,0,0,0,4,0,0,0,0,0,1,0,0,10,0,0,0,0,0,0,0
"74","Achziv25","Achziv","R","09/11/2017",2017,25,"Fall",12,17479,"fish",35.092,33.073,"Achziv253Fall2017",8,70,0,0,0,0,0,5,2,0,0,0,0,0,0,0,3,2,0,0,0,0,0,16,0,0,0,0,0,0,0,0,0,0,0,0,0,0,0,0,1,0,0,40,0,0,0,0,0,1,0
"75","Achziv25","Achziv","R","09/11/2017",2017,25,"Fall",12,17479,"fish",35.092,33.073,"Achziv254Fall2017",9,41,0,0,0,0,0,7,4,0,0,0,0,0,0,1,0,0,0,0,0,0,0,0,0,0,0,3,0,0,0,0,0,0,10,0,0,0,0,0,4,0,0,9,0,0,0,0,0,2,1
"76","Achziv25","Achziv","R","10/04/2018",2018,25,"Spring",7,17631,"fish",35.092,33.073,"Achziv253Spring2018",6,22,0,0,0,0,0,0,4,0,0,0,0,0,0,0,0,0,0,0,0,0,0,0,0,0,0,0,0,0,0,0,0,0,7,0,0,0,0,0,2,0,0,2,0,0,0,0,0,4,3
"77","Achziv25","Achziv","R","10/04/2018",2018,25,"Spring",7,17631,"fish",35.092,33.073,"Achziv254Spring2018",5,27,0,0,0,0,0,0,7,0,0,0,0,0,0,0,0,1,0,0,0,0,0,1,0,0,0,0,0,0,0,0,0,0,16,0,0,0,0,0,0,0,0,0,0,0,0,0,0,2,0
"78","Achziv25","Achziv","R","10/04/2018",2018,25,"Spring",9,17631,"fish",35.092,33.073,"Achziv251Spring2018",7,30,0,0,0,0,0,0,5,0,0,0,0,0,0,0,3,2,0,0,0,0,0,1,0,0,0,0,0,0,0,0,0,0,12,0,0,0,0,0,1,0,0,0,0,0,0,0,0,6,0
"79","Achziv25","Achziv","R","10/04/2018",2018,25,"Spring",9,17631,"fish",35.092,33.073,"Achziv252Spring2018",7,20,0,0,0,0,0,0,2,0,0,0,0,0,0,0,2,1,0,0,0,0,0,0,0,0,0,0,0,0,0,2,0,0,8,0,0,0,0,0,0,0,1,0,0,0,0,0,0,4,0
"80","Achziv25","Achziv","R","10/05/2022",2022,25,"Spring",9,19122,"fish",35.092,33.073,"Achziv253Spring2022",6,18,0,0,0,0,0,0,2,0,0,0,0,0,0,0,4,1,0,0,0,0,0,0,0,0,0,0,0,1,0,0,0,0,5,0,0,0,0,0,0,0,0,0,0,0,0,0,0,5,0
"81","Achziv25","Achziv","R","10/05/2022",2022,25,"Spring",9,19122,"fish",35.092,33.073,"Achziv254Spring2022",8,34,0,0,0,0,0,0,1,0,0,0,0,0,0,0,9,1,0,0,0,0,0,14,0,0,0,0,0,0,0,0,0,0,3,0,0,0,0,0,0,0,0,0,0,0,0,0,0,4,0
"82","Achziv25","Achziv","R","10/05/2022",2022,25,"Spring",10,19122,"fish",35.092,33.073,"Achziv251Spring2022",7,30,0,0,0,0,0,4,1,0,0,0,0,0,0,0,2,1,0,0,0,0,0,7,0,0,0,0,0,0,0,0,0,0,9,0,0,0,0,0,0,0,0,0,0,0,0,0,0,6,0
"83","Achziv25","Achziv","R","10/05/2022",2022,25,"Spring",10,19122,"fish",35.092,33.073,"Achziv252Spring2022",6,22,0,0,0,0,0,1,8,0,0,0,0,0,0,0,0,0,0,0,0,0,0,1,0,0,0,0,0,0,0,0,0,0,4,0,0,0,0,0,0,0,0,1,0,0,0,0,0,7,0
"84","Achziv25","Achziv","R","11/04/2016",2016,25,"Spring",12,16902,"fish",35.092,33.073,"Achziv251Spring2016",5,24,0,0,0,0,0,4,12,0,0,0,0,0,0,0,0,0,0,0,0,0,0,0,0,0,0,0,0,0,0,0,0,0,5,0,0,0,0,0,0,0,0,0,0,0,0,0,0,2,1
"85","Achziv25","Achziv","R","11/04/2016",2016,25,"Spring",12,16902,"fish",35.092,33.073,"Achziv252Spring2016",6,11,0,0,0,0,0,0,3,0,0,0,0,0,0,0,0,1,0,0,0,0,0,1,0,0,0,0,0,0,0,0,0,0,3,0,0,0,0,0,0,0,0,0,0,0,0,0,0,2,0
"86","Achziv25","Achziv","R","11/04/2016",2016,25,"Spring",12,16902,"fish",35.092,33.073,"Achziv253Spring2016",5,14,0,0,0,0,0,2,8,0,0,0,0,0,0,0,0,0,0,0,0,0,0,0,0,0,0,0,0,0,0,0,0,0,1,0,0,0,0,0,1,0,0,0,0,0,0,0,0,2,0
"87","Achziv25","Achziv","R","11/04/2016",2016,25,"Spring",12,16902,"fish",35.092,33.073,"Achziv254Spring2016",6,20,0,0,0,0,0,4,9,0,0,0,0,0,0,0,1,0,0,0,0,0,0,0,0,0,0,0,0,0,0,0,0,0,1,0,0,0,0,0,1,0,0,0,0,0,0,0,0,4,0
"88","Achziv25","Achziv","R","11/05/2020",2020,25,"Spring",6,18393,"fish",35.092,33.073,"Achziv251Spring2020",5,15,0,0,0,0,0,0,8,0,0,0,0,0,0,0,0,0,0,0,0,0,0,2,0,0,0,0,0,0,0,0,0,0,3,0,0,0,0,0,1,0,0,0,0,0,0,0,0,1,0
"89","Achziv25","Achziv","R","11/05/2020",2020,25,"Spring",7,18393,"fish",35.092,33.073,"Achziv252Spring2020",7,37,0,0,0,0,0,0,9,0,0,0,0,0,0,0,0,1,0,0,0,0,0,2,0,0,0,0,0,0,0,0,0,0,16,0,0,0,0,0,0,1,0,0,5,0,0,0,0,3,0
"90","Achziv25","Achziv","R","11/05/2020",2020,25,"Spring",7,18393,"fish",35.092,33.073,"Achziv253Spring2020",5,24,0,0,0,0,0,0,12,0,0,0,0,0,0,0,0,0,0,0,0,0,0,1,0,0,0,0,0,2,0,0,0,0,0,0,0,0,0,0,0,0,0,1,0,0,0,0,0,8,0
"91","Achziv25","Achziv","R","11/05/2020",2020,25,"Spring",7,18393,"fish",35.092,33.073,"Achziv254Spring2020",4,21,0,0,0,0,0,0,10,0,0,0,0,0,0,0,1,0,0,0,0,0,0,0,0,0,0,0,0,0,0,0,0,0,9,0,0,0,0,0,0,0,0,0,0,0,0,0,0,1,0
"92","Achziv25","Achziv","R","18/11/2015",2015,25,"Fall",12,16757,"fish",35.092,33.073,"Achziv251Fall2015",7,58,0,0,0,0,0,10,7,0,0,0,0,0,0,0,0,0,0,0,0,0,0,0,0,0,0,0,0,0,0,0,0,0,4,0,0,0,0,0,0,0,14,20,0,0,0,0,0,2,0
"93","Achziv25","Achziv","R","18/11/2015",2015,25,"Fall",12,16757,"fish",35.092,33.073,"Achziv252Fall2015",8,20,0,0,0,0,0,3,3,0,0,0,0,0,0,0,2,0,0,0,0,0,0,0,0,0,1,0,0,0,0,0,1,0,3,0,0,0,0,0,0,0,0,0,5,0,0,0,0,2,0
"94","Achziv25","Achziv","R","18/11/2015",2015,25,"Fall",15,16757,"fish",35.092,33.073,"Achziv253Fall2015",8,20,0,0,0,0,0,3,5,0,0,0,0,0,0,0,1,0,0,1,0,0,0,0,0,0,1,0,0,0,0,0,0,0,3,0,0,0,0,0,0,0,2,0,0,0,0,0,0,4,0
"95","Achziv25","Achziv","R","18/11/2015",2015,25,"Fall",15,16757,"fish",35.092,33.073,"Achziv254Fall2015",8,107,0,0,0,0,0,55,4,0,0,0,0,0,0,0,0,1,3,0,0,0,0,0,0,0,0,0,0,0,0,0,0,0,2,0,0,0,0,0,0,0,0,40,1,0,0,0,0,0,0
"96","Achziv25","Achziv","R","19/10/2020",2020,25,"Fall",5,18554,"fish",35.092,33.073,"Achziv251Fall2020",6,53,0,0,0,0,0,30,10,0,0,0,0,0,0,0,0,6,0,0,0,0,0,2,0,0,0,0,0,0,0,0,0,0,0,0,0,0,0,0,2,0,0,0,0,0,0,0,0,3,0
"97","Achziv25","Achziv","R","19/10/2020",2020,25,"Fall",5,18554,"fish",35.092,33.073,"Achziv252Fall2020",9,53,0,0,0,0,0,7,6,0,0,0,0,0,0,0,1,0,0,0,0,0,0,6,0,0,0,1,0,0,0,0,0,0,6,0,0,0,0,0,1,0,5,20,0,0,0,0,0,0,0
"98","Achziv25","Achziv","R","19/10/2020",2020,25,"Fall",5,18554,"fish",35.092,33.073,"Achziv253Fall2020",7,84,0,0,0,0,0,46,7,0,0,0,0,0,0,0,0,4,0,0,0,0,0,4,0,0,0,7,0,0,0,0,0,0,6,0,0,0,0,0,0,0,0,10,0,0,0,0,0,0,0
"99","Achziv25","Achziv","R","19/10/2020",2020,25,"Fall",5,18554,"fish",35.092,33.073,"Achziv254Fall2020",9,59,0,0,0,0,0,10,12,0,0,0,0,0,0,0,0,1,0,0,0,0,0,9,0,0,0,2,0,0,0,0,0,0,1,0,0,0,0,0,1,0,0,20,0,0,0,0,0,3,0
"100","Achziv25","Achziv","R","20/04/2021",2021,25,"Spring",5,18737,"fish",35.092,33.073,"Achziv251Spring2021",5,18,0,0,0,0,0,0,1,0,0,0,0,0,0,0,0,1,0,0,0,0,0,5,0,0,0,0,0,0,0,0,0,0,9,0,0,0,0,0,0,0,0,0,0,0,0,0,0,2,0
"101","Achziv25","Achziv","R","20/04/2021",2021,25,"Spring",5,18737,"fish",35.092,33.073,"Achziv253Spring2021",5,15,0,0,0,0,0,3,5,0,0,0,0,0,0,0,0,0,0,0,0,0,0,4,0,0,0,0,0,2,0,0,0,0,1,0,0,0,0,0,0,0,0,0,0,0,0,0,0,0,0
"102","Achziv25","Achziv","R","20/04/2021",2021,25,"Spring",6,18737,"fish",35.092,33.073,"Achziv252Spring2021",9,23,0,0,0,0,0,0,2,0,0,0,0,0,0,0,1,1,0,0,0,0,0,1,0,0,0,0,0,0,0,0,0,0,10,1,0,0,0,0,2,0,0,2,0,0,0,0,0,3,0
"103","Achziv25","Achziv","R","20/04/2021",2021,25,"Spring",6,18737,"fish",35.092,33.073,"Achziv254Spring2021",5,15,0,0,0,0,0,0,4,0,0,0,0,0,0,0,2,0,0,0,0,0,0,2,0,0,0,0,0,0,0,0,0,0,4,0,0,0,0,0,0,0,0,0,0,0,0,0,0,3,0
"104","Achziv25","Achziv","R","20/05/2015",2015,25,"Spring",15,16575,"fish",35.092,33.073,"Achziv251Spring2015",4,7,0,0,0,0,0,0,2,0,0,0,0,0,0,0,0,0,0,0,0,0,0,0,0,0,0,0,0,0,0,0,0,0,2,0,0,0,0,0,1,0,0,0,0,0,0,0,0,2,0
"105","Achziv25","Achziv","R","20/05/2015",2015,25,"Spring",15,16575,"fish",35.092,33.073,"Achziv252Spring2015",6,35,0,0,0,0,0,0,0,0,0,0,0,0,0,0,0,1,0,0,0,0,0,2,0,0,0,0,0,0,0,0,0,0,7,0,0,0,0,0,0,0,2,18,0,0,0,0,0,5,0
"106","Achziv25","Achziv","R","20/05/2015",2015,25,"Spring",15,16575,"fish",35.092,33.073,"Achziv253Spring2015",4,7,0,0,0,0,0,1,2,0,0,0,0,0,0,0,0,1,0,0,0,0,0,0,0,0,0,0,0,0,0,0,0,0,0,0,0,0,0,0,0,0,0,0,0,0,0,0,0,3,0
"107","Achziv25","Achziv","R","20/05/2015",2015,25,"Spring",15,16575,"fish",35.092,33.073,"Achziv254Spring2015",5,7,0,0,0,0,0,1,2,0,0,0,0,0,0,0,0,1,0,0,0,0,0,0,0,0,0,0,0,0,0,0,0,0,1,0,0,0,0,0,0,0,0,0,0,0,0,0,0,2,0
"108","Achziv25","Achziv","R","28/11/2021",2021,25,"Fall",10,18959,"fish",35.092,33.073,"Achziv252Fall2021",6,55,0,0,0,0,0,0,0,2,0,0,0,0,0,0,0,0,0,0,0,0,0,4,0,0,0,1,0,0,0,0,0,0,10,0,0,0,0,0,0,0,14,24,0,0,0,0,0,0,0
"109","Achziv25","Achziv","R","28/11/2021",2021,25,"Fall",10,18959,"fish",35.092,33.073,"Achziv253Fall2021",7,44,0,0,0,0,0,13,0,0,0,0,0,0,0,0,0,2,0,0,0,0,0,7,0,0,0,15,0,2,0,0,0,0,2,0,0,0,0,0,0,0,0,0,0,0,0,0,0,3,0
"110","Achziv25","Achziv","R","28/11/2021",2021,25,"Fall",10,18959,"fish",35.092,33.073,"Achziv254Fall2021",10,87,0,0,0,0,0,40,0,1,0,0,0,0,0,0,0,0,0,0,0,0,0,3,0,0,0,18,0,1,0,0,0,0,0,0,0,0,0,0,0,1,11,1,0,0,0,0,0,10,1
"111","Achziv25","Achziv","R","28/11/2021",2021,25,"Fall",12,18959,"fish",35.092,33.073,"Achziv251Fall2021",7,35,0,0,0,0,0,5,2,0,0,0,0,0,0,0,0,1,0,0,0,0,0,15,0,0,0,5,0,3,0,0,0,0,4,0,0,0,0,0,0,0,0,0,0,0,0,0,0,0,0
"112","Achziv25","Achziv","R","30/10/2022",2022,25,"Fall",10,19295,"fish",35.092,33.073,"Achziv254Fall2022",9,74,0,0,0,0,0,53,4,0,0,0,0,0,0,0,0,1,0,0,0,0,0,1,0,0,0,3,0,1,0,0,0,0,5,0,0,0,0,0,0,2,0,0,4,0,0,0,0,0,0
"113","Achziv25","Achziv","R","30/10/2022",2022,25,"Fall",12,19295,"fish",35.092,33.073,"Achziv251Fall2022",10,80,0,0,0,0,0,20,8,0,0,0,0,0,0,0,0,1,0,0,0,0,0,2,0,0,0,3,0,0,0,0,0,0,5,0,0,0,0,0,0,0,12,9,4,0,0,0,0,16,0
"114","Achziv25","Achziv","R","30/10/2022",2022,25,"Fall",12,19295,"fish",35.092,33.073,"Achziv252Fall2022",11,63,0,0,0,0,2,4,3,0,0,0,0,0,0,0,1,0,0,0,0,0,0,0,0,0,0,9,0,0,0,0,0,0,13,2,0,0,0,0,0,0,13,3,7,0,0,0,0,6,0
"115","Achziv25","Achziv","R","30/10/2022",2022,25,"Fall",12,19295,"fish",35.092,33.073,"Achziv253Fall2022",9,53,0,0,0,0,0,11,7,0,0,0,0,0,0,0,0,5,0,0,0,0,0,9,0,0,0,2,0,1,0,0,0,0,5,0,0,0,0,0,0,0,0,0,0,0,0,0,1,12,0
"116","Achziv25","Achziv","R","31/10/2018",2018,25,"Fall",9,17835,"fish",35.092,33.073,"Achziv251Fall2018",6,37,0,0,0,0,0,31,1,0,0,0,0,0,0,0,2,0,0,0,0,0,0,1,0,0,0,0,0,0,0,0,0,0,1,0,0,0,0,0,0,0,0,0,0,0,0,0,0,1,0
"117","Achziv25","Achziv","R","31/10/2018",2018,25,"Fall",10,17835,"fish",35.092,33.073,"Achziv252Fall2018",7,55,0,0,0,0,0,31,0,0,0,0,0,0,0,0,1,1,0,0,0,0,0,1,0,0,0,0,0,0,0,0,0,0,17,0,0,0,0,0,0,0,1,0,0,0,0,0,0,3,0
"118","Achziv25","Achziv","R","31/10/2018",2018,25,"Fall",10,17835,"fish",35.092,33.073,"Achziv253Fall2018",7,28,0,0,0,0,0,8,7,0,0,0,0,0,0,0,0,1,0,0,0,0,0,5,0,0,0,0,0,0,0,0,0,0,1,0,0,0,0,0,0,0,0,0,0,0,0,0,0,5,1
"119","Achziv25","Achziv","R","31/10/2018",2018,25,"Fall",10,17835,"fish",35.092,33.073,"Achziv254Fall2018",5,92,0,0,0,0,0,70,0,0,0,0,0,0,0,0,0,0,0,0,0,0,0,2,0,0,0,11,0,0,0,0,0,0,3,0,0,0,0,0,0,0,0,6,0,0,0,0,0,0,0
"120","Achziv45","Achziv","R","01/11/2020",2020,45,"Fall",5,18567,"fish",35.073,33.088,"Achziv451Fall2020",4,96,0,0,0,0,0,10,0,0,0,0,0,0,0,0,0,0,0,0,0,0,0,0,0,0,0,0,0,0,0,0,0,0,0,21,60,0,0,0,0,0,0,0,0,0,0,0,0,5,0
"121","Achziv45","Achziv","R","01/11/2020",2020,45,"Fall",5,18567,"fish",35.073,33.088,"Achziv452Fall2020",5,71,0,0,0,0,0,52,0,0,0,0,0,0,0,0,0,5,0,0,0,0,0,3,0,0,0,0,0,0,0,0,0,0,0,0,0,0,0,1,0,0,0,0,0,0,0,0,0,10,0
"122","Achziv45","Achziv","R","01/11/2020",2020,45,"Fall",5,18567,"fish",35.073,33.088,"Achziv453Fall2020",5,46,0,0,0,0,0,20,3,0,0,0,0,0,0,0,0,0,0,0,0,0,0,0,0,0,0,2,0,0,0,0,0,0,0,0,0,0,0,0,1,0,0,0,20,0,0,0,0,0,0
"123","Achziv45","Achziv","R","01/11/2020",2020,45,"Fall",5,18567,"fish",35.073,33.088,"Achziv454Fall2020",8,40,0,0,0,0,0,5,0,0,0,0,0,20,1,0,0,2,0,0,0,0,0,6,0,0,0,0,0,2,0,0,0,0,0,2,0,0,0,0,0,0,0,0,0,0,0,0,0,2,0
"124","Achziv45","Achziv","R","04/05/2017",2017,45,"Spring",4,17290,"fish",35.073,33.088,"Achziv453Spring2017",3,70,0,0,0,0,0,0,0,0,0,0,0,0,5,0,25,0,0,0,0,0,0,0,0,0,0,0,0,0,0,0,0,0,0,0,40,0,0,0,0,0,0,0,0,0,0,0,0,0,0
"125","Achziv45","Achziv","R","04/05/2017",2017,45,"Spring",5,17290,"fish",35.073,33.088,"Achziv454Spring2017",2,2,0,0,0,0,0,0,1,0,0,0,0,0,0,0,0,0,0,0,0,0,0,0,0,0,0,0,0,0,0,0,0,0,0,0,0,0,0,0,1,0,0,0,0,0,0,0,0,0,0
"126","Achziv45","Achziv","R","04/05/2017",2017,45,"Spring",6,17290,"fish",35.073,33.088,"Achziv451Spring2017",3,12,0,0,0,0,0,2,7,0,0,0,0,0,0,0,0,0,0,0,0,0,0,0,0,0,0,0,0,0,0,0,0,0,0,0,0,0,0,0,3,0,0,0,0,0,0,0,0,0,0
"127","Achziv45","Achziv","R","04/05/2017",2017,45,"Spring",6,17290,"fish",35.073,33.088,"Achziv452Spring2017",4,7,0,0,0,0,0,4,1,0,0,0,0,0,0,0,0,0,0,0,0,0,0,1,0,0,0,0,0,0,0,0,0,0,0,0,0,0,0,0,1,0,0,0,0,0,0,0,0,0,0
"128","Achziv45","Achziv","R","05/05/2019",2019,45,"Spring",5,18021,"fish",35.073,33.088,"Achziv451Spring2019",3,13,0,0,0,0,0,3,6,0,0,0,0,0,0,0,0,0,0,0,0,0,0,0,0,0,0,0,0,0,0,0,0,0,0,0,0,0,0,0,4,0,0,0,0,0,0,0,0,0,0
"129","Achziv45","Achziv","R","05/05/2019",2019,45,"Spring",5,18021,"fish",35.073,33.088,"Achziv452Spring2019",6,133,0,0,0,0,0,16,2,0,0,0,0,3,0,0,0,0,0,0,0,0,0,10,0,0,0,0,0,2,0,0,0,0,0,0,100,0,0,0,0,0,0,0,0,0,0,0,0,0,0
"130","Achziv45","Achziv","R","05/05/2019",2019,45,"Spring",5,18021,"fish",35.073,33.088,"Achziv453Spring2019",2,5,0,0,0,0,0,0,4,0,0,0,0,0,0,0,0,0,0,0,0,0,0,0,0,0,0,0,0,0,0,0,0,0,0,0,0,0,0,0,1,0,0,0,0,0,0,0,0,0,0
"131","Achziv45","Achziv","R","05/05/2019",2019,45,"Spring",5,18021,"fish",35.073,33.088,"Achziv454Spring2019",4,7,0,0,0,0,0,4,1,0,0,0,0,0,0,0,0,0,0,0,0,0,0,0,0,0,0,0,0,1,0,0,0,0,0,0,0,0,0,0,1,0,0,0,0,0,0,0,0,0,0
"132","Achziv45","Achziv","R","08/06/2020",2020,45,"Spring",6,18421,"fish",35.073,33.088,"Achziv452Spring2020",3,8,0,0,0,0,0,2,5,0,0,0,0,0,0,0,0,0,0,0,0,0,0,0,0,0,0,0,0,0,0,0,0,0,0,0,0,0,0,0,1,0,0,0,0,0,0,0,0,0,0
"133","Achziv45","Achziv","R","08/06/2020",2020,45,"Spring",7,18421,"fish",35.073,33.088,"Achziv451Spring2020",4,59,0,0,0,0,0,0,7,0,0,0,0,0,0,0,0,0,0,0,0,0,0,0,0,0,0,0,0,0,0,0,0,0,0,0,0,0,0,0,1,0,0,0,50,0,0,0,0,1,0
"134","Achziv45","Achziv","R","08/06/2020",2020,45,"Spring",7,18421,"fish",35.073,33.088,"Achziv453Spring2020",6,155,0,0,0,0,0,0,0,0,0,3,0,2,0,0,10,0,0,0,0,0,0,1,0,0,0,0,0,0,0,0,0,0,0,0,100,0,0,0,0,0,0,0,0,0,0,0,0,0,0
"135","Achziv45","Achziv","R","08/06/2020",2020,45,"Spring",10,18421,"fish",35.073,33.088,"Achziv453Spring2020",6,155,0,0,0,0,0,0,0,0,0,0,0,33,0,0,1,1,0,0,0,0,0,4,0,0,0,0,0,0,0,0,0,0,0,0,0,0,0,0,0,0,0,0,0,0,0,0,0,0,0
"136","Achziv45","Achziv","R","08/06/2020",2020,45,"Spring",10,18421,"fish",35.073,33.088,"Achziv454Spring2020",4,7,0,0,0,0,0,3,0,0,0,0,0,0,0,0,1,0,0,0,0,0,0,0,0,0,0,0,0,1,0,0,0,0,0,0,0,0,0,0,2,0,0,0,0,0,0,0,0,0,0
"137","Achziv45","Achziv","R","09/11/2021",2021,45,"Fall",8,18940,"fish",35.073,33.088,"Achziv452Fall2021",7,103,0,7,0,0,0,30,0,0,0,0,0,2,0,0,8,10,0,0,0,0,0,16,0,0,0,0,0,0,0,0,0,0,0,0,30,0,0,0,0,0,0,0,0,0,0,0,0,0,0
"138","Achziv45","Achziv","R","09/11/2021",2021,45,"Fall",8,18940,"fish",35.073,33.088,"Achziv453Fall2021",6,17,0,0,0,0,0,8,2,0,0,0,0,0,0,0,0,0,0,0,0,0,0,0,0,0,3,0,0,0,0,0,0,0,0,0,0,0,0,0,1,0,0,0,0,0,0,0,0,2,1
"139","Achziv45","Achziv","R","09/11/2021",2021,45,"Fall",9,18940,"fish",35.073,33.088,"Achziv451Fall2021",10,46,0,0,0,0,1,23,3,0,0,0,0,0,0,0,0,2,0,0,0,0,0,0,0,2,0,6,0,1,0,0,0,0,0,0,0,0,0,0,1,0,0,0,3,0,0,0,0,4,0
"140","Achziv45","Achziv","R","09/11/2021",2021,45,"Fall",9,18940,"fish",35.073,33.088,"Achziv454Fall2021",10,76,0,0,0,0,0,40,2,0,0,0,0,0,0,0,7,2,0,0,0,0,0,5,1,0,0,13,0,1,0,0,0,0,0,0,0,0,0,0,0,0,0,0,3,0,0,0,0,2,0
"141","Achziv45","Achziv","R","09/12/2015",2015,45,"Fall",8,16778,"fish",35.073,33.088,"Achziv451Fall2015",3,18,0,0,0,0,0,16,0,0,0,0,0,0,0,0,0,1,0,0,0,0,0,0,0,0,0,0,0,0,0,0,0,0,0,0,0,0,0,0,0,0,0,0,0,0,0,0,0,1,0
"142","Achziv45","Achziv","R","09/12/2015",2015,45,"Fall",8,16778,"fish",35.073,33.088,"Achziv452Fall2015",4,8,0,0,0,0,0,0,4,0,0,0,0,1,0,0,1,0,0,0,0,0,0,2,0,0,0,0,0,0,0,0,0,0,0,0,0,0,0,0,0,0,0,0,0,0,0,0,0,0,0
"143","Achziv45","Achziv","R","09/12/2015",2015,45,"Fall",8,16778,"fish",35.073,33.088,"Achziv453Fall2015",4,15,0,0,0,0,0,0,9,0,0,0,0,0,0,0,0,1,0,0,0,0,0,0,0,0,0,0,0,0,0,0,0,0,0,0,0,0,0,0,3,0,0,0,2,0,0,0,0,0,0
"144","Achziv45","Achziv","R","09/12/2015",2015,45,"Fall",8,16778,"fish",35.073,33.088,"Achziv454Fall2015",5,147,0,0,0,0,0,20,3,0,0,0,20,0,0,0,0,0,0,0,0,0,0,0,0,0,0,0,0,0,0,0,0,0,0,0,101,0,0,0,3,0,0,0,0,0,0,0,0,0,0
"145","Achziv45","Achziv","R","10/11/2019",2019,45,"Fall",8,18210,"fish",35.073,33.088,"Achziv451Fall2019",5,59,0,0,0,0,0,0,0,0,0,0,0,10,0,0,0,3,0,0,0,0,0,24,0,0,0,0,0,2,0,0,0,0,0,0,20,0,0,0,0,0,0,0,0,0,0,0,0,0,0
"146","Achziv45","Achziv","R","10/11/2019",2019,45,"Fall",8,18210,"fish",35.073,33.088,"Achziv452Fall2019",5,166,0,0,0,0,0,160,3,0,0,0,0,0,0,0,0,0,0,0,0,0,0,0,0,0,0,1,0,0,0,0,0,0,0,0,0,0,0,0,1,1,0,0,0,0,0,0,0,0,0
"147","Achziv45","Achziv","R","10/11/2019",2019,45,"Fall",8,18210,"fish",35.073,33.088,"Achziv453Fall2019",4,15,0,0,0,0,0,1,0,0,0,0,0,0,0,0,0,4,0,0,0,0,0,9,0,0,0,0,0,0,0,0,0,0,1,0,0,0,0,0,0,0,0,0,0,0,0,0,0,0,0
"148","Achziv45","Achziv","R","10/11/2019",2019,45,"Fall",8,18210,"fish",35.073,33.088,"Achziv454Fall2019",4,31,0,0,0,0,0,26,2,0,0,0,0,0,0,0,0,0,0,0,0,0,0,0,0,0,0,0,0,0,0,0,0,0,0,0,0,0,0,0,2,0,0,0,0,0,0,0,0,1,0
"149","Achziv45","Achziv","R","15/11/2017",2017,45,"Fall",8,17485,"fish",35.073,33.088,"Achziv451Fall2017",3,20,0,0,0,0,0,10,9,0,0,0,0,0,0,0,0,0,0,0,0,0,0,0,0,0,0,0,0,0,0,0,0,0,0,0,0,0,0,0,1,0,0,0,0,0,0,0,0,0,0
"150","Achziv45","Achziv","R","15/11/2017",2017,45,"Fall",8,17485,"fish",35.073,33.088,"Achziv452Fall2017",2,155,0,0,0,0,0,140,0,0,0,0,0,0,0,0,0,0,0,0,0,0,0,0,0,0,0,15,0,0,0,0,0,0,0,0,0,0,0,0,0,0,0,0,0,0,0,0,0,0,0
"151","Achziv45","Achziv","R","15/11/2017",2017,45,"Fall",9,17485,"fish",35.073,33.088,"Achziv453Fall2017",4,64,0,0,0,0,0,55,7,0,0,0,0,0,0,0,0,1,0,0,0,0,0,0,0,0,0,0,0,0,0,0,0,0,0,0,0,0,0,0,1,0,0,0,0,0,0,0,0,0,0
"152","Achziv45","Achziv","R","15/11/2017",2017,45,"Fall",9,17485,"fish",35.073,33.088,"Achziv454Fall2017",6,83,0,0,0,0,0,0,0,0,0,0,0,2,0,0,5,3,0,0,0,0,0,51,0,0,0,0,0,2,0,0,0,0,0,0,20,0,0,0,0,0,0,0,0,0,0,0,0,0,0
"153","Achziv45","Achziv","R","17/05/2018",2018,45,"Spring",6,17668,"fish",35.073,33.088,"Achziv451Spring2018",4,22,0,0,0,0,0,10,4,0,0,0,0,0,0,0,0,0,0,0,0,0,0,6,0,0,0,0,0,2,0,0,0,0,0,0,0,0,0,0,0,0,0,0,0,0,0,0,0,0,0
"154","Achziv45","Achziv","R","17/05/2018",2018,45,"Spring",6,17668,"fish",35.073,33.088,"Achziv452Spring2018",4,19,0,0,0,0,0,13,1,0,0,0,0,0,0,0,0,0,0,0,0,0,0,1,0,0,0,0,0,0,0,0,0,0,0,0,0,0,0,0,4,0,0,0,0,0,0,0,0,0,0
"155","Achziv45","Achziv","R","17/05/2018",2018,45,"Spring",6,17668,"fish",35.073,33.088,"Achziv453Spring2018",3,8,0,0,0,0,0,2,5,0,0,0,0,0,0,0,0,0,0,0,0,0,0,0,0,0,0,0,0,0,0,0,0,0,0,0,0,0,0,0,1,0,0,0,0,0,0,0,0,0,0
"156","Achziv45","Achziv","R","17/05/2018",2018,45,"Spring",6,17668,"fish",35.073,33.088,"Achziv454Spring2018",3,60,0,0,0,0,0,0,0,0,0,0,0,9,0,0,1,0,0,0,0,0,0,0,0,0,0,0,0,0,0,0,0,0,0,0,50,0,0,0,0,0,0,0,0,0,0,0,0,0,0
"157","Achziv45","Achziv","R","18/05/2021",2021,45,"Spring",5,18765,"fish",35.073,33.088,"Achziv451Spring2021",6,75,0,0,0,0,0,5,0,0,0,0,0,2,0,0,3,0,0,0,0,0,0,4,0,0,0,0,0,1,0,0,0,0,0,0,60,0,0,0,0,0,0,0,0,0,0,0,0,0,0
"158","Achziv45","Achziv","R","18/05/2021",2021,45,"Spring",5,18765,"fish",35.073,33.088,"Achziv452Spring2021",4,18,0,0,0,0,0,15,1,0,0,0,0,0,0,0,0,0,0,0,0,0,0,1,0,0,0,0,0,1,0,0,0,0,0,0,0,0,0,0,0,0,0,0,0,0,0,0,0,0,0
"159","Achziv45","Achziv","R","18/05/2021",2021,45,"Spring",5,18765,"fish",35.073,33.088,"Achziv454Spring2021",4,12,0,0,0,0,0,0,1,0,0,0,0,0,0,0,1,0,0,0,0,0,0,0,0,0,0,0,0,0,0,0,0,0,0,0,0,0,0,0,2,0,0,0,8,0,0,0,0,0,0
"160","Achziv45","Achziv","R","18/05/2021",2021,45,"Spring",6,18765,"fish",35.073,33.088,"Achziv453Spring2021",5,18,0,0,0,0,0,0,12,0,0,0,0,0,0,0,0,0,0,0,0,0,0,2,0,0,0,2,0,1,0,0,0,0,0,0,0,0,0,0,0,0,0,0,0,1,0,0,0,0,0
"161","Achziv45","Achziv","R","19/05/2022",2022,45,"Spring",6,19131,"fish",35.073,33.088,"Achziv453Spring2022",3,69,0,0,0,0,0,56,0,0,0,0,0,0,0,0,0,0,0,0,0,0,0,0,0,0,0,0,0,0,0,0,0,0,0,0,0,0,0,0,0,0,0,0,12,0,0,0,0,1,0
"162","Achziv45","Achziv","R","19/05/2022",2022,45,"Spring",7,19131,"fish",35.073,33.088,"Achziv451Spring2022",2,13,0,0,0,0,0,10,0,0,0,0,0,0,0,0,0,3,0,0,0,0,0,0,0,0,0,0,0,0,0,0,0,0,0,0,0,0,0,0,0,0,0,0,0,0,0,0,0,0,0
"163","Achziv45","Achziv","R","19/05/2022",2022,45,"Spring",7,19131,"fish",35.073,33.088,"Achziv452Spring2022",8,141,0,0,0,0,0,13,0,0,0,0,0,1,0,0,4,1,0,0,0,0,0,20,0,0,0,0,0,1,0,0,0,0,0,1,100,0,0,0,0,0,0,0,0,0,0,0,0,0,0
"164","Achziv45","Achziv","R","19/05/2022",2022,45,"Spring",7,19131,"fish",35.073,33.088,"Achziv454Spring2022",5,17,0,0,0,0,0,7,5,0,0,0,0,0,0,0,2,0,0,0,0,0,0,2,0,0,0,0,0,1,0,0,0,0,0,0,0,0,0,0,0,0,0,0,0,0,0,0,0,0,0
"165","Achziv45","Achziv","R","20/05/2015",2015,45,"Spring",15,16575,"fish",35.073,33.088,"Achziv451Spring2015",1,2,0,0,0,0,0,0,2,0,0,0,0,0,0,0,0,0,0,0,0,0,0,0,0,0,0,0,0,0,0,0,0,0,0,0,0,0,0,0,0,0,0,0,0,0,0,0,0,0,0
"166","Achziv45","Achziv","R","20/05/2015",2015,45,"Spring",15,16575,"fish",35.073,33.088,"Achziv452Spring2015",2,4,0,0,0,0,0,0,2,0,0,0,0,0,0,0,0,0,0,0,0,0,0,0,0,0,0,0,0,0,0,0,0,0,0,0,0,0,0,0,2,0,0,0,0,0,0,0,0,0,0
"167","Achziv45","Achziv","R","20/05/2015",2015,45,"Spring",15,16575,"fish",35.073,33.088,"Achziv453Spring2015",2,11,0,0,0,0,0,10,0,0,0,0,0,0,0,0,0,0,0,0,0,0,0,0,0,0,0,0,0,0,0,0,0,0,0,0,0,0,0,0,1,0,0,0,0,0,0,0,0,0,0
"168","Achziv45","Achziv","R","20/05/2015",2015,45,"Spring",15,16575,"fish",35.073,33.088,"Achziv454Spring2015",2,3,0,0,0,0,0,2,0,0,0,0,0,0,0,0,0,0,0,0,0,0,0,0,0,0,0,0,0,0,0,0,0,0,0,0,0,0,0,0,1,0,0,0,0,0,0,0,0,0,0
"169","Achziv45","Achziv","R","21/11/2018",2018,45,"Fall",8,17856,"fish",35.073,33.088,"Achziv451Fall2018",4,21,0,0,0,0,0,13,1,0,0,0,0,0,0,0,0,0,0,0,0,0,0,0,0,0,0,3,0,0,0,0,0,0,0,0,0,0,0,0,4,0,0,0,0,0,0,0,0,0,0
"170","Achziv45","Achziv","R","21/11/2018",2018,45,"Fall",8,17856,"fish",35.073,33.088,"Achziv452Fall2018",4,50,0,0,0,0,0,40,0,0,0,0,0,0,0,0,0,4,0,0,0,0,0,5,0,0,0,0,0,1,0,0,0,0,0,0,0,0,0,0,0,0,0,0,0,0,0,0,0,0,0
"171","Achziv45","Achziv","R","21/11/2018",2018,45,"Fall",8,17856,"fish",35.073,33.088,"Achziv453Fall2018",7,149,0,0,0,0,0,52,0,0,0,0,0,7,6,0,1,3,0,0,0,0,0,30,0,0,0,0,0,0,0,0,0,0,0,0,50,0,0,0,0,0,0,0,0,0,0,0,0,0,0
"172","Achziv45","Achziv","R","21/11/2018",2018,45,"Fall",8,17856,"fish",35.073,33.088,"Achziv454Fall2018",5,15,0,0,0,0,0,5,3,0,0,0,0,0,0,0,0,0,0,0,0,0,0,0,0,0,0,2,0,1,0,0,0,0,0,0,0,0,0,0,4,0,0,0,0,0,0,0,0,0,0
"173","Achziv45","Achziv","R","25/05/2016",2016,45,"Spring",8,16946,"fish",35.073,33.088,"Achziv451Spring2016",6,148,0,0,0,0,0,139,4,0,0,0,0,2,0,0,1,0,0,0,0,0,0,0,0,0,0,0,0,0,0,0,0,0,0,0,0,0,0,0,1,1,0,0,0,0,0,0,0,0,0
"174","Achziv45","Achziv","R","25/05/2016",2016,45,"Spring",8,16946,"fish",35.073,33.088,"Achziv452Spring2016",3,58,0,0,0,0,0,51,4,0,0,0,0,0,0,0,0,0,0,0,0,0,0,0,0,0,0,0,0,0,0,0,0,0,0,0,0,0,0,0,3,0,0,0,0,0,0,0,0,0,0
"175","Achziv45","Achziv","R","25/05/2016",2016,45,"Spring",8,16946,"fish",35.073,33.088,"Achziv453Spring2016",4,5,0,0,0,0,0,1,1,0,0,0,0,0,0,0,0,0,0,0,0,0,0,0,0,0,0,0,0,0,0,0,0,0,0,0,0,0,0,0,2,0,0,0,0,0,0,0,0,1,0
"176","Achziv45","Achziv","R","25/05/2016",2016,45,"Spring",8,16946,"fish",35.073,33.088,"Achziv454Spring2016",5,12,0,0,0,0,0,0,1,0,0,0,0,0,0,0,5,4,0,0,0,0,0,0,0,0,0,0,0,0,0,0,0,0,0,0,0,0,0,0,0,1,0,0,0,0,0,0,0,1,0
"177","Achziv45","Achziv","R","31/10/2022",2022,45,"Fall",7,19296,"fish",35.073,33.088,"Achziv454Fall2022",5,16,0,0,0,0,0,0,0,0,0,0,0,0,0,0,5,3,0,0,0,0,0,3,0,0,0,0,0,4,0,0,0,0,0,0,0,0,0,0,0,0,0,0,0,0,0,0,1,0,0
"178","Achziv45","Achziv","R","31/10/2022",2022,45,"Fall",8,19296,"fish",35.073,33.088,"Achziv451Fall2022",7,22,0,0,0,0,0,0,1,0,0,0,0,0,0,0,0,0,0,0,1,0,0,2,0,0,0,6,0,3,0,0,0,0,0,0,0,0,0,0,0,0,0,0,8,0,0,0,0,1,0
"179","Achziv45","Achziv","R","31/10/2022",2022,45,"Fall",8,19296,"fish",35.073,33.088,"Achziv452Fall2022",9,75,0,0,0,0,0,2,0,0,0,0,0,2,0,0,3,3,0,0,0,0,0,11,0,0,0,0,0,2,0,0,0,0,0,1,50,0,0,0,0,0,0,0,0,0,0,0,0,0,0
"180","Achziv45","Achziv","R","31/10/2022",2022,45,"Fall",8,19296,"fish",35.073,33.088,"Achziv453Fall2022",3,21,0,0,0,0,0,0,3,0,0,0,0,0,0,0,0,0,0,0,0,0,0,0,0,0,0,2,0,0,0,0,0,0,0,0,0,0,0,0,0,0,0,0,16,0,0,0,0,0,0
"181","SdotYam10","SdotYam","N","02/05/2019",2019,10,"Spring",8,18018,"fish",34.881,32.49,"SdotYam101Spring2019",6,39,0,0,0,0,0,4,0,0,0,3,0,4,0,0,0,12,0,0,0,0,0,1,0,0,0,0,0,0,0,0,0,0,0,0,0,0,0,0,0,0,0,0,0,0,0,0,0,15,0
"182","SdotYam10","SdotYam","N","02/05/2019",2019,10,"Spring",8,18018,"fish",34.881,32.49,"SdotYam102Spring2019",4,32,0,0,0,0,0,2,0,0,0,0,0,2,0,0,0,6,0,0,0,0,0,0,0,0,0,0,0,0,0,0,0,0,0,0,0,0,0,0,0,0,0,0,0,0,0,0,0,22,0
"183","SdotYam10","SdotYam","N","02/05/2019",2019,10,"Spring",8,18018,"fish",34.881,32.49,"SdotYam103Spring2019",4,28,0,0,0,0,0,13,0,0,0,0,0,1,0,0,0,3,0,0,0,0,0,0,0,0,0,0,0,0,0,0,0,0,0,0,0,0,0,0,0,0,0,0,0,0,0,0,0,11,0
"184","SdotYam10","SdotYam","N","02/05/2019",2019,10,"Spring",8,18018,"fish",34.881,32.49,"SdotYam104Spring2019",4,47,0,0,0,0,0,31,0,0,0,3,0,1,0,0,0,0,0,0,0,0,0,0,0,0,0,0,0,0,0,0,0,0,0,0,0,0,0,0,0,0,0,0,0,0,0,0,0,12,0
"185","SdotYam10","SdotYam","N","03/05/2022",2022,10,"Spring",5,19115,"fish",34.881,32.49,"SdotYam101Spring2022",4,46,0,0,0,0,0,17,3,0,0,0,0,0,0,0,0,1,0,0,0,0,0,0,0,0,0,0,0,0,0,0,0,0,0,0,0,0,0,0,0,0,0,0,0,0,0,0,0,25,0
"186","SdotYam10","SdotYam","N","03/05/2022",2022,10,"Spring",6,19115,"fish",34.881,32.49,"SdotYam102Spring2022",8,144,0,0,0,0,0,51,0,0,0,13,0,2,0,0,0,6,0,0,0,0,0,1,0,0,0,0,0,2,0,0,0,0,0,0,0,0,0,0,0,0,10,0,0,0,0,0,0,59,0
"187","SdotYam10","SdotYam","N","03/05/2022",2022,10,"Spring",6,19115,"fish",34.881,32.49,"SdotYam103Spring2022",5,62,0,0,0,0,0,25,0,0,0,0,0,0,0,0,1,1,0,0,0,0,0,1,0,0,0,0,0,0,0,0,0,0,0,0,0,0,0,0,0,0,0,0,0,0,0,0,0,34,0
"188","SdotYam10","SdotYam","N","03/05/2022",2022,10,"Spring",6,19115,"fish",34.881,32.49,"SdotYam104Spring2022",6,99,0,0,0,0,0,80,0,0,0,0,0,0,0,0,1,1,0,0,0,0,0,1,0,0,0,0,0,0,0,0,0,0,0,0,0,0,0,0,0,0,0,0,0,0,1,0,0,15,0
"189","SdotYam10","SdotYam","N","04/05/2020",2020,10,"Spring",8,18386,"fish",34.881,32.49,"SdotYam102Spring2020",5,50,0,0,0,0,0,40,0,0,0,0,0,0,1,0,0,4,0,0,0,0,0,3,0,0,0,0,0,0,0,0,0,0,0,0,0,0,0,0,0,0,0,0,0,0,0,0,0,2,0
"190","SdotYam10","SdotYam","N","04/05/2020",2020,10,"Spring",8,18386,"fish",34.881,32.49,"SdotYam104Spring2020",4,77,0,0,0,0,0,60,0,0,0,0,0,4,0,0,0,0,0,0,0,0,0,3,0,0,0,0,0,0,0,0,0,0,0,0,0,0,0,0,0,0,0,0,0,0,0,0,0,10,0
"191","SdotYam10","SdotYam","N","04/05/2020",2020,10,"Spring",9,18386,"fish",34.881,32.49,"SdotYam103Spring2020",6,110,0,0,0,1,0,100,0,0,0,0,0,0,0,0,0,4,0,0,0,0,0,2,0,0,0,0,0,0,0,0,0,0,0,0,0,0,0,0,0,1,0,0,0,0,0,0,0,2,0
"192","SdotYam10","SdotYam","N","04/05/2020",2020,10,"Spring",10,18386,"fish",34.881,32.49,"SdotYam101Spring2020",4,174,0,0,0,0,0,160,0,0,0,0,0,0,0,0,0,7,0,0,0,0,0,3,0,0,0,0,0,0,0,0,0,0,0,0,0,0,0,0,0,0,0,0,0,0,0,0,0,4,0
"193","SdotYam10","SdotYam","N","04/11/2019",2019,10,"Fall",7,18204,"fish",34.881,32.49,"SdotYam104Fall2019",3,49,0,0,0,0,0,20,0,0,0,0,0,0,0,0,0,0,0,0,0,0,0,0,0,0,0,21,0,0,0,0,0,0,0,0,0,0,0,0,0,0,0,0,0,0,0,0,0,8,0
"194","SdotYam10","SdotYam","N","04/11/2019",2019,10,"Fall",8,18204,"fish",34.881,32.49,"SdotYam103Fall2019",7,113,0,0,0,0,0,82,2,0,0,0,0,0,0,0,0,3,0,0,0,0,0,1,0,0,0,1,0,0,0,0,0,0,0,0,0,0,0,0,0,0,0,1,0,0,0,0,0,23,0
"195","SdotYam10","SdotYam","N","04/11/2019",2019,10,"Fall",9,18204,"fish",34.881,32.49,"SdotYam101Fall2019",4,47,0,0,0,0,0,36,0,0,0,0,0,0,0,0,0,3,0,0,0,0,0,1,0,0,0,0,0,0,0,0,0,0,0,0,0,0,0,0,0,0,0,0,0,0,0,0,0,7,0
"196","SdotYam10","SdotYam","N","04/11/2019",2019,10,"Fall",9,18204,"fish",34.881,32.49,"SdotYam102Fall2019",7,119,0,0,0,0,0,77,0,0,0,1,0,3,0,0,0,10,0,0,0,0,0,0,0,0,0,5,0,0,0,0,0,0,0,0,0,0,0,0,0,0,0,10,0,0,0,0,0,13,0
"197","SdotYam10","SdotYam","N","05/05/2017",2017,10,"Spring",6,17291,"fish",34.881,32.49,"SdotYam101Spring2017",2,24,0,0,0,0,0,2,0,0,0,0,0,0,0,0,0,0,0,0,0,0,0,0,0,0,0,0,0,0,0,0,0,0,0,0,0,0,0,0,0,0,0,0,0,0,0,0,0,22,0
"198","SdotYam10","SdotYam","N","05/05/2017",2017,10,"Spring",6,17291,"fish",34.881,32.49,"SdotYam102Spring2017",3,42,0,0,0,0,0,1,0,0,0,4,0,0,0,0,0,0,0,0,0,0,0,0,0,0,0,0,0,0,0,0,0,0,0,0,0,0,0,0,0,0,0,0,0,0,0,0,0,37,0
"199","SdotYam10","SdotYam","N","05/05/2017",2017,10,"Spring",7,17291,"fish",34.881,32.49,"SdotYam103Spring2017",3,26,0,0,0,0,0,5,0,0,0,1,0,0,0,0,0,0,0,0,0,0,0,0,0,0,0,0,0,0,0,0,0,0,0,0,0,0,0,0,0,0,0,0,0,0,0,0,0,20,0
"200","SdotYam10","SdotYam","N","05/05/2017",2017,10,"Spring",7,17291,"fish",34.881,32.49,"SdotYam104Spring2017",3,16,0,0,0,0,0,4,0,0,0,1,0,0,0,0,0,0,0,0,0,0,0,0,0,0,0,0,0,0,0,0,0,0,0,0,0,0,0,0,0,0,0,0,0,0,0,0,0,11,0
"201","SdotYam10","SdotYam","N","05/11/2015",2015,10,"Spring",18,16744,"fish",34.881,32.49,"SdotYam101Spring2015",4,14,0,0,0,0,0,4,8,0,0,0,0,0,0,0,0,1,0,0,0,0,0,0,0,0,0,0,0,0,0,0,0,0,0,0,0,0,0,0,0,0,0,0,0,0,0,0,0,1,0
"202","SdotYam10","SdotYam","N","05/11/2015",2015,10,"Spring",18,16744,"fish",34.881,32.49,"SdotYam102Spring2015",5,30,0,0,0,0,0,10,16,0,0,0,0,0,0,0,0,0,0,0,0,0,0,0,0,0,0,0,0,0,0,0,0,0,1,0,0,0,0,0,1,0,0,0,0,0,0,0,0,2,0
"203","SdotYam10","SdotYam","N","05/11/2015",2015,10,"Spring",18,16744,"fish",34.881,32.49,"SdotYam103Spring2015",3,30,0,0,0,0,0,4,17,0,0,0,0,0,0,0,0,0,0,0,0,0,0,0,0,0,0,0,0,0,0,0,0,0,0,0,0,0,0,0,0,0,0,0,0,0,0,0,0,9,0
"204","SdotYam10","SdotYam","N","05/11/2015",2015,10,"Spring",18,16744,"fish",34.881,32.49,"SdotYam104Spring2015",5,27,0,0,0,0,0,1,4,0,0,0,0,0,0,0,0,0,0,0,0,0,0,0,0,0,0,0,0,0,0,0,0,0,0,0,0,0,0,0,0,0,0,0,0,0,0,0,0,0,0
"205","SdotYam10","SdotYam","N","05/11/2015",2015,10,"Spring",19,16745,"fish",34.881,32.49,"SdotYam104Spring2015",5,27,0,0,0,0,0,0,0,0,0,0,0,0,0,0,0,0,0,0,0,0,0,0,0,0,0,0,0,0,0,0,0,0,0,0,0,0,0,0,0,0,0,0,0,0,0,0,0,1,0
"206","SdotYam10","SdotYam","N","05/11/2015",2015,10,"Spring",20,16746,"fish",34.881,32.49,"SdotYam104Spring2015",5,27,0,0,0,0,0,0,0,0,0,0,0,0,0,0,0,0,0,0,0,0,0,0,0,0,0,0,0,0,0,0,0,0,0,0,0,0,0,0,0,0,0,0,0,0,0,0,0,1,0
"207","SdotYam10","SdotYam","N","05/11/2015",2015,10,"Spring",21,16747,"fish",34.881,32.49,"SdotYam104Spring2015",5,27,0,0,0,0,0,0,0,0,19,0,0,0,0,0,0,0,0,0,0,0,0,0,0,0,0,0,0,0,0,0,0,0,0,0,0,0,0,0,1,0,0,0,0,0,0,0,0,0,0
"208","SdotYam10","SdotYam","N","08/11/2017",2017,10,"Fall",10,17478,"fish",34.881,32.49,"SdotYam101Fall2017",5,54,0,0,0,0,0,14,0,0,0,0,0,0,0,0,0,0,0,0,0,0,0,0,0,0,0,1,0,0,0,0,0,0,0,0,0,0,0,0,0,0,2,33,0,0,0,0,0,4,0
"209","SdotYam10","SdotYam","N","08/11/2017",2017,10,"Fall",10,17478,"fish",34.881,32.49,"SdotYam102Fall2017",6,192,0,0,0,0,0,11,0,0,0,0,0,0,0,0,1,1,0,0,0,0,0,0,0,0,0,7,0,0,0,0,0,0,0,0,0,0,0,0,0,0,0,168,0,0,0,0,0,4,0
"210","SdotYam10","SdotYam","N","08/11/2017",2017,10,"Fall",10,17478,"fish",34.881,32.49,"SdotYam103Fall2017",6,64,0,0,0,0,0,5,2,0,0,0,0,0,0,0,0,1,0,0,0,0,0,0,0,0,0,4,0,0,0,0,0,0,0,0,0,0,0,0,0,0,0,50,0,0,0,0,0,2,0
"211","SdotYam10","SdotYam","N","08/11/2017",2017,10,"Fall",10,17478,"fish",34.881,32.49,"SdotYam104Fall2017",7,92,0,0,0,0,0,13,3,0,0,0,0,1,0,0,0,0,0,0,0,0,0,1,0,0,0,5,0,0,0,0,0,0,0,0,0,0,0,0,0,0,0,60,0,0,0,0,0,9,0
"212","SdotYam10","SdotYam","N","11/04/2018",2018,10,"Spring",10,17632,"fish",34.881,32.49,"SdotYam101Spring2018",2,9,0,0,0,0,0,0,0,0,0,0,0,0,3,0,0,0,0,0,0,0,0,0,0,0,0,0,0,0,0,0,0,0,0,0,0,0,0,0,0,0,0,0,0,0,0,0,0,6,0
"213","SdotYam10","SdotYam","N","11/04/2018",2018,10,"Spring",10,17632,"fish",34.881,32.49,"SdotYam102Spring2018",7,38,0,0,0,0,0,2,0,0,0,0,0,0,5,0,1,0,0,0,0,0,0,0,0,0,0,0,0,0,0,0,0,0,0,0,0,0,0,0,1,1,0,20,0,0,0,0,0,8,0
"214","SdotYam10","SdotYam","N","11/04/2018",2018,10,"Spring",10,17632,"fish",34.881,32.49,"SdotYam103Spring2018",4,18,0,0,0,0,0,10,0,0,0,0,0,0,1,0,0,0,0,0,0,0,0,0,0,0,0,0,0,0,0,0,0,0,0,0,0,0,0,0,0,0,0,3,0,0,0,0,0,4,0
"215","SdotYam10","SdotYam","N","11/04/2018",2018,10,"Spring",10,17632,"fish",34.881,32.49,"SdotYam104Spring2018",7,58,0,0,0,0,0,3,0,0,0,2,0,25,4,0,0,0,0,0,0,0,0,0,0,0,0,2,0,0,0,0,0,0,0,0,0,0,0,0,0,0,0,20,0,0,0,0,0,2,0
"216","SdotYam10","SdotYam","N","12/10/2021",2021,10,"Fall",8,18912,"fish",34.881,32.49,"SdotYam102Fall2021",7,137,0,0,0,0,0,60,0,0,0,0,0,0,0,0,0,4,0,0,0,0,0,2,0,0,0,3,0,0,0,0,0,0,0,0,0,0,0,0,0,0,33,22,0,0,0,0,0,13,0
"217","SdotYam10","SdotYam","N","12/10/2021",2021,10,"Fall",10,18912,"fish",34.881,32.49,"SdotYam101Fall2021",6,27,0,0,0,0,0,13,0,0,0,0,0,0,0,0,0,1,0,0,0,0,0,5,0,0,0,1,0,0,0,0,0,0,0,0,0,0,0,0,0,0,4,0,0,0,0,0,0,3,0
"218","SdotYam10","SdotYam","N","12/10/2021",2021,10,"Fall",10,18912,"fish",34.881,32.49,"SdotYam103Fall2021",5,66,0,0,0,0,0,34,0,0,0,0,0,0,0,0,0,2,0,0,0,0,0,0,0,0,0,0,0,0,0,0,0,0,0,0,0,0,0,0,0,0,23,2,0,0,0,0,0,5,0
"219","SdotYam10","SdotYam","N","12/10/2021",2021,10,"Fall",10,18912,"fish",34.881,32.49,"SdotYam104Fall2021",8,84,0,0,0,0,0,4,0,0,0,0,0,0,0,0,0,4,0,0,0,0,0,2,0,0,0,1,0,0,0,0,0,0,2,0,0,0,0,0,0,0,31,24,0,0,0,0,0,16,0
"220","SdotYam10","SdotYam","N","13/10/2020",2020,10,"Fall",10,18548,"fish",34.881,32.49,"SdotYam101Fall2020",3,37,0,0,0,0,0,15,0,0,0,0,0,0,0,0,0,0,0,0,0,0,0,0,0,0,0,1,0,0,0,0,0,0,0,0,0,0,0,0,0,0,0,0,0,0,0,0,0,21,0
"221","SdotYam10","SdotYam","N","13/10/2020",2020,10,"Fall",10,18548,"fish",34.881,32.49,"SdotYam102Fall2020",6,111,0,0,0,0,0,67,0,0,0,1,0,0,0,0,0,7,0,0,0,0,0,1,0,0,0,0,0,0,0,0,0,0,0,0,0,0,0,0,0,0,4,0,0,0,0,0,0,31,0
"222","SdotYam10","SdotYam","N","13/10/2020",2020,10,"Fall",10,18548,"fish",34.881,32.49,"SdotYam103Fall2020",4,52,0,0,0,0,0,22,0,0,0,0,0,0,0,0,0,4,0,0,0,0,0,0,0,0,0,0,0,0,0,0,0,0,0,0,0,0,0,0,0,0,4,0,0,0,0,0,0,22,0
"223","SdotYam10","SdotYam","N","13/10/2020",2020,10,"Fall",10,18548,"fish",34.881,32.49,"SdotYam104Fall2020",8,132,0,0,0,0,0,60,0,0,0,0,0,0,0,0,0,4,0,0,0,0,0,2,0,0,0,26,0,0,0,0,0,0,1,0,0,0,0,0,0,0,5,4,0,0,0,0,0,30,0
"224","SdotYam10","SdotYam","N","16/05/2016",2016,10,"Spring",8,16937,"fish",34.881,32.49,"SdotYam101Spring2016",3,56,0,0,0,0,0,47,0,0,0,1,0,0,0,0,0,0,0,0,0,0,0,0,0,0,0,0,0,0,0,0,0,0,0,0,0,0,0,0,0,0,0,0,0,0,0,0,0,8,0
"225","SdotYam10","SdotYam","N","16/05/2016",2016,10,"Spring",8,16937,"fish",34.881,32.49,"SdotYam102Spring2016",4,47,0,0,0,0,0,32,8,0,0,0,0,0,0,0,0,0,0,0,0,0,0,1,0,0,0,0,0,0,0,0,0,0,0,0,0,0,0,0,0,0,0,0,0,0,0,0,0,6,0
"226","SdotYam10","SdotYam","N","16/05/2016",2016,10,"Spring",8,16937,"fish",34.881,32.49,"SdotYam103Spring2016",3,30,0,0,0,0,0,21,0,0,0,0,0,0,0,0,0,0,0,0,0,0,0,0,0,0,1,0,0,0,0,0,0,0,0,0,0,0,0,0,0,0,0,0,0,0,0,0,0,8,0
"227","SdotYam10","SdotYam","N","16/05/2016",2016,10,"Spring",8,16937,"fish",34.881,32.49,"SdotYam104Spring2016",2,15,0,0,0,0,0,9,0,0,0,0,0,0,0,0,0,0,0,0,0,0,0,0,0,0,0,0,0,0,0,0,0,0,0,0,0,0,0,0,0,0,0,0,0,0,0,0,0,6,0
"228","SdotYam10","SdotYam","N","16/10/2018",2018,10,"Fall",15,17820,"fish",34.881,32.49,"SdotYam101Fall2018",6,161,0,0,0,0,0,43,1,0,0,0,0,0,0,0,0,1,0,0,0,0,0,0,0,0,0,31,0,0,0,0,0,0,0,0,0,0,0,0,0,0,0,82,0,0,0,0,0,3,0
"229","SdotYam10","SdotYam","N","16/10/2018",2018,10,"Fall",15,17820,"fish",34.881,32.49,"SdotYam102Fall2018",6,76,0,0,0,0,0,6,1,0,0,0,0,0,0,0,0,1,0,0,0,0,0,1,0,0,0,0,0,0,0,0,0,0,0,0,0,0,0,0,0,0,0,65,0,0,0,0,0,2,0
"230","SdotYam10","SdotYam","N","16/10/2018",2018,10,"Fall",15,17820,"fish",34.881,32.49,"SdotYam103Fall2018",6,146,0,0,0,0,0,80,0,0,0,0,0,1,0,0,0,2,0,0,0,0,0,0,0,0,0,9,0,0,0,0,0,0,0,0,0,0,0,0,0,0,0,21,0,0,0,0,0,33,0
"231","SdotYam10","SdotYam","N","16/10/2018",2018,10,"Fall",15,17820,"fish",34.881,32.49,"SdotYam104Fall2018",6,174,0,0,0,0,0,60,0,0,0,0,0,1,0,0,0,0,0,0,0,0,0,0,0,0,0,11,0,0,0,0,0,0,4,0,0,0,0,0,0,0,0,95,0,0,0,0,0,3,0
"232","SdotYam10","SdotYam","N","16/11/2015",2015,10,"Fall",10,16755,"fish",34.881,32.49,"SdotYam101Fall2015",4,9,0,0,0,0,0,1,5,0,0,0,1,0,0,0,0,0,0,0,0,0,0,0,0,0,0,0,0,0,0,0,0,0,0,0,0,0,0,0,0,0,0,0,0,0,0,0,0,2,0
"233","SdotYam10","SdotYam","N","16/11/2015",2015,10,"Fall",10,16755,"fish",34.881,32.49,"SdotYam102Fall2015",4,42,0,0,0,0,0,25,0,0,0,0,0,0,0,0,0,0,0,0,0,0,0,0,0,0,0,0,0,0,0,0,0,0,0,0,0,0,0,0,0,0,6,5,0,0,0,0,0,6,0
"234","SdotYam10","SdotYam","N","16/11/2015",2015,10,"Fall",10,16755,"fish",34.881,32.49,"SdotYam103Fall2015",3,22,0,0,0,0,0,4,0,0,0,0,0,0,0,0,0,0,0,0,0,0,0,0,0,0,0,0,0,0,0,0,0,0,0,0,0,0,0,0,0,0,0,3,0,0,0,0,0,15,0
"235","SdotYam10","SdotYam","N","16/11/2015",2015,10,"Fall",10,16755,"fish",34.881,32.49,"SdotYam104Fall2015",8,52,0,0,0,0,0,39,0,0,0,0,0,0,0,0,0,0,0,0,1,0,0,0,0,0,0,0,1,0,0,0,0,0,1,0,0,0,0,0,0,0,1,1,0,0,0,0,0,7,0
"236","SdotYam10","SdotYam","N","18/04/2021",2021,10,"Spring",7,18735,"fish",34.881,32.49,"SdotYam101Spring2021",7,43,0,0,0,0,0,14,1,0,0,0,0,2,0,0,0,1,0,0,0,0,0,0,0,0,0,0,0,0,0,0,0,0,0,0,0,0,0,0,0,0,4,1,0,0,0,0,0,20,0
"237","SdotYam10","SdotYam","N","18/04/2021",2021,10,"Spring",7,18735,"fish",34.881,32.49,"SdotYam102Spring2021",4,48,0,0,0,0,0,5,0,0,0,0,0,0,0,0,0,1,0,0,0,0,0,0,0,0,0,0,0,0,0,0,0,0,0,0,0,0,0,0,0,0,3,0,0,0,0,0,0,39,0
"238","SdotYam10","SdotYam","N","18/04/2021",2021,10,"Spring",7,18735,"fish",34.881,32.49,"SdotYam103Spring2021",7,95,0,0,0,0,0,50,0,0,0,0,0,4,0,0,0,6,0,0,0,0,0,3,0,0,0,0,0,0,0,0,0,0,0,0,0,0,0,0,0,0,1,15,0,0,0,0,0,16,0
"239","SdotYam10","SdotYam","N","18/04/2021",2021,10,"Spring",7,18735,"fish",34.881,32.49,"SdotYam104Spring2021",7,96,0,0,0,0,0,65,0,0,0,0,0,0,0,0,1,5,0,0,0,0,0,1,0,0,0,0,0,0,0,0,0,0,0,0,0,0,0,0,0,0,1,1,0,0,0,0,0,22,0
"240","SdotYam10","SdotYam","N","25/10/2016",2016,10,"Fall",10,17099,"fish",34.881,32.49,"SdotYam101Fall2016",3,34,0,0,0,0,0,0,7,0,0,0,0,0,0,0,0,0,0,0,0,0,0,0,0,0,0,0,0,0,0,0,0,0,0,0,0,0,0,0,0,0,0,5,0,0,0,0,0,22,0
"241","SdotYam10","SdotYam","N","25/10/2016",2016,10,"Fall",10,17099,"fish",34.881,32.49,"SdotYam102Fall2016",4,82,0,0,0,0,0,46,0,0,0,1,0,0,0,0,0,0,0,0,0,0,0,0,0,0,0,0,0,0,0,0,0,0,0,0,0,0,0,0,0,0,0,11,0,0,0,0,0,24,0
"242","SdotYam10","SdotYam","N","25/10/2016",2016,10,"Fall",10,17099,"fish",34.881,32.49,"SdotYam103Fall2016",2,3,0,0,0,0,0,0,0,0,0,0,0,0,0,0,0,0,0,0,0,0,0,0,0,0,0,0,0,0,0,0,0,0,0,0,0,0,0,0,0,0,0,2,0,0,0,0,0,1,0
"243","SdotYam10","SdotYam","N","25/10/2016",2016,10,"Fall",10,17099,"fish",34.881,32.49,"SdotYam104Fall2016",5,146,0,0,0,0,0,70,0,0,0,0,0,0,0,0,0,0,0,0,0,0,0,0,0,0,0,0,0,0,0,0,0,0,5,0,0,0,0,0,0,0,2,39,0,0,0,0,0,30,0
"244","SdotYam10","SdotYam","N","25/10/2022",2022,10,"Fall",10,19290,"fish",34.881,32.49,"SdotYam101Fall2022",7,86,0,0,0,0,0,36,0,0,0,0,0,0,0,0,0,1,0,0,0,0,0,1,0,0,0,2,0,0,0,0,0,0,0,0,0,0,0,0,0,0,1,40,0,0,0,0,0,5,0
"245","SdotYam10","SdotYam","N","25/10/2022",2022,10,"Fall",10,19290,"fish",34.881,32.49,"SdotYam102Fall2022",7,69,0,0,0,0,0,40,0,0,0,0,0,0,0,0,1,2,1,0,0,0,0,0,0,0,0,0,0,0,0,0,0,0,0,0,0,0,0,0,1,0,1,0,0,0,0,0,0,23,0
"246","SdotYam10","SdotYam","N","25/10/2022",2022,10,"Fall",10,19290,"fish",34.881,32.49,"SdotYam103Fall2022",7,84,0,0,0,0,0,14,0,0,0,0,0,0,0,0,0,0,0,0,0,0,0,0,0,4,0,3,0,1,0,0,0,0,0,0,0,0,0,0,0,0,4,50,0,0,0,0,0,8,0
"247","SdotYam10","SdotYam","N","25/10/2022",2022,10,"Fall",10,19290,"fish",34.881,32.49,"SdotYam104Fall2022",6,79,0,0,0,0,0,35,10,0,0,0,0,0,0,0,0,0,0,0,0,1,0,0,0,0,0,1,0,0,0,0,0,0,0,0,0,0,0,0,0,0,0,30,0,0,0,0,0,2,0
"248","SdotYam25","SdotYam","N","02/05/2019",2019,25,"Spring",8,18018,"fish",34.87,32.511,"SdotYam251Spring2019",3,10,0,0,0,0,0,0,5,0,0,0,0,0,0,0,0,0,0,0,0,0,1,0,0,0,0,0,0,0,0,0,0,0,0,0,0,0,0,0,0,0,0,0,0,0,0,0,0,0,4
"249","SdotYam25","SdotYam","N","02/05/2019",2019,25,"Spring",8,18018,"fish",34.87,32.511,"SdotYam252Spring2019",5,54,0,0,0,0,0,48,3,0,0,0,0,0,0,0,0,0,0,0,0,0,0,0,0,0,0,0,0,0,0,0,0,0,0,0,0,0,0,0,1,0,0,0,0,0,0,0,0,1,1
"250","SdotYam25","SdotYam","N","02/05/2019",2019,25,"Spring",8,18018,"fish",34.87,32.511,"SdotYam253Spring2019",7,85,0,0,0,0,0,50,2,0,0,0,0,0,0,0,0,0,0,0,0,0,0,0,0,0,0,6,0,0,0,0,0,21,0,0,0,0,0,0,2,0,0,0,0,0,0,0,0,1,3
"251","SdotYam25","SdotYam","N","02/05/2019",2019,25,"Spring",8,18018,"fish",34.87,32.511,"SdotYam254Spring2019",7,20,0,0,0,0,0,4,4,0,0,0,0,0,0,0,0,0,0,0,0,0,0,0,0,0,0,0,0,0,0,0,0,0,0,0,0,0,0,0,5,0,0,2,0,1,0,0,0,1,3
"252","SdotYam25","SdotYam","N","04/05/2020",2020,25,"Spring",10,18386,"fish",34.87,32.511,"SdotYam252Spring2020",6,52,0,0,0,0,0,27,2,0,0,0,0,0,0,0,0,1,0,0,0,0,0,5,0,0,0,0,0,0,0,0,0,0,0,0,0,0,1,0,0,0,0,0,0,0,0,0,0,16,0
"253","SdotYam25","SdotYam","N","04/05/2020",2020,25,"Spring",10,18386,"fish",34.87,32.511,"SdotYam253Spring2020",3,36,0,0,0,0,0,30,0,0,0,0,0,0,0,0,0,0,0,0,0,0,0,2,0,0,0,0,0,0,0,0,0,0,0,0,0,0,0,0,0,0,0,0,0,0,0,0,0,4,0
"254","SdotYam25","SdotYam","N","04/05/2020",2020,25,"Spring",10,18386,"fish",34.87,32.511,"SdotYam254Spring2020",4,52,0,0,0,2,0,0,0,0,0,0,0,0,0,0,13,1,0,0,0,0,0,36,0,0,0,0,0,0,0,0,0,0,0,0,0,0,0,0,0,0,0,0,0,0,0,0,0,0,0
"255","SdotYam25","SdotYam","N","04/05/2020",2020,25,"Spring",11,18386,"fish",34.87,32.511,"SdotYam251Spring2020",3,50,0,0,0,0,0,35,4,0,0,0,0,0,0,0,0,0,0,0,0,0,0,0,0,0,0,0,0,0,0,0,0,0,0,0,0,0,0,0,0,0,0,0,0,0,0,0,0,11,0
"256","SdotYam25","SdotYam","N","04/11/2019",2019,25,"Fall",10,18204,"fish",34.87,32.511,"SdotYam252Fall2019",5,20,0,0,0,0,0,6,0,0,0,0,0,0,0,0,0,0,0,0,0,0,0,0,0,0,0,1,0,0,0,0,0,0,0,0,0,0,0,0,2,0,0,10,0,0,1,0,0,0,0
"257","SdotYam25","SdotYam","N","04/11/2019",2019,25,"Fall",10,18204,"fish",34.87,32.511,"SdotYam253Fall2019",7,80,0,0,0,0,0,27,4,0,0,0,0,0,0,0,0,1,0,0,0,0,0,0,0,0,0,2,0,0,0,0,0,0,0,0,0,0,0,0,2,0,0,40,0,0,0,0,0,0,4
"258","SdotYam25","SdotYam","N","04/11/2019",2019,25,"Fall",10,18204,"fish",34.87,32.511,"SdotYam254Fall2019",5,73,0,0,0,0,0,41,8,0,0,0,0,0,0,0,0,0,0,0,0,0,0,0,0,0,0,2,0,0,0,0,0,0,0,0,0,0,0,0,2,0,0,20,0,0,0,0,0,0,0
"259","SdotYam25","SdotYam","N","04/11/2019",2019,25,"Fall",12,18204,"fish",34.87,32.511,"SdotYam251Fall2019",7,50,0,0,0,0,0,10,4,0,0,0,0,0,0,0,0,0,0,0,0,0,0,2,0,0,0,0,0,0,0,0,0,0,1,0,0,0,0,0,2,0,0,30,0,0,0,0,0,0,1
"260","SdotYam25","SdotYam","N","05/05/2017",2017,25,"Spring",9,17291,"fish",34.87,32.511,"SdotYam251Spring2017",3,10,0,0,0,0,0,0,3,0,0,0,0,0,0,0,0,0,0,0,0,0,0,0,0,0,0,0,0,0,0,0,0,0,0,0,0,0,0,0,1,0,0,0,6,0,0,0,0,0,0
"261","SdotYam25","SdotYam","N","05/05/2017",2017,25,"Spring",9,17291,"fish",34.87,32.511,"SdotYam252Spring2017",4,15,0,0,0,0,0,2,7,0,0,0,0,0,0,0,0,0,0,0,0,0,0,0,0,0,0,0,0,0,0,0,0,0,0,0,0,0,0,0,2,0,0,0,0,0,0,0,0,4,0
"262","SdotYam25","SdotYam","N","05/05/2017",2017,25,"Spring",9,17291,"fish",34.87,32.511,"SdotYam253Spring2017",4,22,0,0,0,0,0,0,9,0,0,0,0,0,0,0,1,0,0,0,0,0,0,0,0,0,0,0,0,0,0,0,0,0,0,0,0,0,0,0,1,0,0,0,11,0,0,0,0,0,0
"263","SdotYam25","SdotYam","N","05/05/2017",2017,25,"Spring",9,17291,"fish",34.87,32.511,"SdotYam254Spring2017",5,15,0,0,0,0,0,3,2,0,0,0,0,0,0,0,0,0,0,0,0,0,0,0,0,0,0,0,0,0,0,0,0,0,0,0,0,0,0,0,1,0,0,0,7,0,0,0,0,0,2
"264","SdotYam25","SdotYam","N","08/11/2017",2017,25,"Fall",8,17478,"fish",34.87,32.511,"SdotYam253Fall2017",4,26,0,0,0,0,0,0,8,0,0,0,0,0,0,0,0,0,0,0,0,0,0,0,0,0,0,1,0,0,0,0,0,0,0,0,0,0,0,0,6,0,0,11,0,0,0,0,0,0,0
"265","SdotYam25","SdotYam","N","08/11/2017",2017,25,"Fall",8,17478,"fish",34.87,32.511,"SdotYam254Fall2017",5,53,0,0,0,0,0,0,0,0,0,0,0,0,0,0,0,0,0,0,0,0,0,0,0,0,0,7,0,0,0,0,0,0,0,0,0,0,0,0,0,0,0,40,1,0,0,0,0,4,1
"266","SdotYam25","SdotYam","N","08/11/2017",2017,25,"Fall",10,17478,"fish",34.87,32.511,"SdotYam251Fall2017",6,50,0,0,0,0,0,4,2,0,0,0,0,0,0,0,0,0,0,0,0,0,0,0,0,0,0,1,0,0,0,0,0,0,0,0,0,0,0,0,2,0,0,40,0,0,0,0,0,0,1
"267","SdotYam25","SdotYam","N","08/11/2017",2017,25,"Fall",10,17478,"fish",34.87,32.511,"SdotYam252Fall2017",7,79,0,0,20,0,0,3,3,0,0,0,0,0,0,0,0,0,0,0,0,0,0,0,0,0,0,3,0,0,0,0,0,0,0,0,0,0,0,0,2,0,0,47,0,0,1,0,0,0,0
"268","SdotYam25","SdotYam","N","11/04/2018",2018,25,"Spring",9,17632,"fish",34.87,32.511,"SdotYam251Spring2018",6,56,0,0,0,0,0,38,3,0,0,0,0,0,0,0,0,0,0,0,0,0,0,1,0,0,0,0,0,0,0,0,0,0,0,0,0,0,0,0,4,0,0,0,0,0,0,0,0,4,6
"269","SdotYam25","SdotYam","N","11/04/2018",2018,25,"Spring",9,17632,"fish",34.87,32.511,"SdotYam252Spring2018",8,75,0,0,0,0,0,51,10,0,0,0,0,0,0,0,2,1,0,0,0,0,1,0,0,0,0,0,0,0,0,0,0,0,0,0,0,0,0,0,3,0,0,0,0,0,0,0,0,5,2
"270","SdotYam25","SdotYam","N","11/04/2018",2018,25,"Spring",9,17632,"fish",34.87,32.511,"SdotYam253Spring2018",5,45,0,0,0,0,0,32,5,0,0,0,0,0,0,0,0,0,0,0,0,0,1,0,0,0,0,0,0,0,0,0,0,0,0,0,0,0,0,0,3,0,0,0,0,0,0,0,0,4,0
"271","SdotYam25","SdotYam","N","11/04/2018",2018,25,"Spring",9,17632,"fish",34.87,32.511,"SdotYam254Spring2018",5,12,0,0,0,0,0,4,2,0,0,0,0,0,0,0,0,0,0,0,0,0,0,0,0,0,0,0,0,0,0,0,0,0,0,0,0,0,0,0,2,0,0,0,0,0,0,0,0,3,1
"272","SdotYam25","SdotYam","N","13/10/2020",2020,25,"Fall",10,18548,"fish",34.87,32.511,"SdotYam251Fall2020",6,36,0,0,0,0,0,0,19,0,0,0,0,0,0,0,1,0,0,0,0,0,0,0,0,0,0,1,0,0,0,0,0,0,0,0,0,0,0,0,0,0,0,5,0,0,0,0,0,5,5
"273","SdotYam25","SdotYam","N","13/10/2020",2020,25,"Fall",10,18548,"fish",34.87,32.511,"SdotYam252Fall2020",5,57,0,0,0,0,0,0,0,0,0,0,0,0,0,0,10,1,0,0,0,0,0,42,0,0,0,3,0,0,0,0,0,0,0,0,0,0,0,0,0,0,0,0,0,0,0,0,0,1,0
"274","SdotYam25","SdotYam","N","13/10/2020",2020,25,"Fall",10,18548,"fish",34.87,32.511,"SdotYam253Fall2020",5,13,0,0,0,0,0,0,2,0,0,0,0,0,0,0,2,0,0,0,0,0,0,3,0,0,0,0,0,0,0,0,0,0,0,0,0,0,0,0,1,0,0,0,0,0,0,0,0,0,5
"275","SdotYam25","SdotYam","N","13/10/2020",2020,25,"Fall",10,18548,"fish",34.87,32.511,"SdotYam254Fall2020",6,24,0,0,0,0,0,10,3,0,0,0,0,0,0,0,5,0,0,0,0,0,0,0,0,0,0,3,0,0,0,0,0,0,0,0,0,0,0,0,2,0,0,0,0,0,0,0,0,1,0
"276","SdotYam25","SdotYam","N","16/05/2016",2016,25,"Spring",6,16937,"fish",34.87,32.511,"SdotYam251Spring2016",4,25,0,0,0,0,0,10,11,0,0,0,0,0,0,0,0,0,0,0,0,0,0,0,0,0,0,0,0,0,0,0,3,0,0,0,0,0,0,0,0,0,0,0,0,0,0,0,0,1,0
"277","SdotYam25","SdotYam","N","16/05/2016",2016,25,"Spring",6,16937,"fish",34.87,32.511,"SdotYam252Spring2016",5,40,0,0,0,0,0,21,10,0,0,0,0,0,0,0,0,0,0,0,0,0,0,0,0,0,0,0,0,0,0,0,6,0,0,0,0,0,0,0,2,0,0,1,0,0,0,0,0,0,0
"278","SdotYam25","SdotYam","N","16/05/2016",2016,25,"Spring",6,16937,"fish",34.87,32.511,"SdotYam253Spring2016",3,66,0,0,0,0,0,53,11,0,0,0,0,0,0,0,0,0,0,0,0,0,0,0,0,0,0,0,0,0,0,0,0,0,0,0,0,0,0,0,2,0,0,0,0,0,0,0,0,0,0
"279","SdotYam25","SdotYam","N","16/05/2016",2016,25,"Spring",6,16937,"fish",34.87,32.511,"SdotYam254Spring2016",4,10,0,0,0,0,0,4,4,0,0,0,0,0,0,0,0,0,0,0,0,0,1,0,0,0,0,0,0,0,0,0,0,0,0,0,0,0,0,0,1,0,0,0,0,0,0,0,0,0,0
"280","SdotYam25","SdotYam","N","16/10/2018",2018,25,"Fall",15,17820,"fish",34.87,32.511,"SdotYam251Fall2018",4,129,0,0,0,0,0,65,1,0,0,0,0,0,0,0,0,0,0,0,0,0,0,0,0,0,0,0,0,0,0,0,0,0,0,0,0,0,0,0,0,0,0,62,0,0,0,0,0,1,0
"281","SdotYam25","SdotYam","N","16/10/2018",2018,25,"Fall",15,17820,"fish",34.87,32.511,"SdotYam252Fall2018",5,100,0,0,0,0,0,75,0,0,0,0,0,0,0,0,0,0,0,0,0,0,0,4,0,0,0,18,0,0,0,0,0,0,0,0,0,0,0,0,0,0,0,0,0,2,0,0,0,1,0
"282","SdotYam25","SdotYam","N","16/10/2018",2018,25,"Fall",15,17820,"fish",34.87,32.511,"SdotYam253Fall2018",7,187,0,0,0,0,0,30,1,0,0,0,0,0,0,0,0,0,0,0,0,0,0,0,0,0,0,3,0,0,0,0,0,0,0,0,0,0,0,0,3,0,0,147,0,0,0,0,0,1,2
"283","SdotYam25","SdotYam","N","16/10/2018",2018,25,"Fall",15,17820,"fish",34.87,32.511,"SdotYam254Fall2018",4,62,0,0,0,0,0,41,3,0,0,0,0,0,0,0,0,0,0,0,0,0,0,0,0,0,0,0,0,0,0,0,0,0,0,0,0,0,0,0,2,0,0,16,0,0,0,0,0,0,0
"284","SdotYam25","SdotYam","N","16/11/2015",2015,25,"Fall",12,16755,"fish",34.87,32.511,"SdotYam251Fall2015",5,124,0,0,0,0,0,120,1,0,0,0,0,0,0,0,0,0,0,0,0,0,0,0,0,0,1,0,0,0,0,0,0,0,0,0,0,0,0,0,1,0,0,0,0,0,0,0,0,1,0
"285","SdotYam25","SdotYam","N","16/11/2015",2015,25,"Fall",12,16755,"fish",34.87,32.511,"SdotYam252Fall2015",4,83,0,0,0,0,0,75,6,0,0,0,0,0,0,0,0,0,0,0,0,0,0,0,0,0,0,0,0,0,0,0,0,0,1,0,0,0,0,0,1,0,0,0,0,0,0,0,0,0,0
"286","SdotYam25","SdotYam","N","16/11/2015",2015,25,"Fall",12,16755,"fish",34.87,32.511,"SdotYam253Fall2015",5,36,0,0,0,0,0,21,2,0,0,0,0,0,0,0,0,0,0,0,0,0,0,0,0,0,0,0,0,0,0,0,0,10,1,0,0,0,0,0,2,0,0,0,0,0,0,0,0,0,0
"287","SdotYam25","SdotYam","N","16/11/2015",2015,25,"Fall",12,16755,"fish",34.87,32.511,"SdotYam254Fall2015",7,16,0,0,0,0,0,2,6,0,0,0,0,0,2,0,0,0,0,0,0,0,0,0,0,0,1,0,0,0,0,0,0,0,0,0,0,0,0,0,1,0,0,0,0,3,0,0,0,1,0
"288","SdotYam25","SdotYam","N","18/04/2021",2021,25,"Spring",7,18735,"fish",34.87,32.511,"SdotYam251Spring2021",4,24,0,0,0,0,0,0,10,0,0,0,0,0,0,0,0,0,0,0,0,0,0,0,0,0,0,0,0,0,0,0,0,0,0,0,0,0,0,0,2,0,0,0,0,0,0,0,0,2,10
"289","SdotYam25","SdotYam","N","18/04/2021",2021,25,"Spring",7,18735,"fish",34.87,32.511,"SdotYam252Spring2021",2,8,0,0,0,0,0,6,0,0,0,0,0,0,0,0,0,0,0,0,0,0,0,0,0,0,0,0,0,0,0,0,0,0,0,0,0,0,0,0,0,0,0,0,0,0,0,0,0,0,2
"290","SdotYam25","SdotYam","N","18/04/2021",2021,25,"Spring",7,18735,"fish",34.87,32.511,"SdotYam253Spring2021",2,10,0,0,0,0,0,0,8,0,0,0,0,0,0,0,0,0,0,0,0,0,0,0,0,0,0,0,0,0,0,0,0,0,0,0,0,0,0,0,0,0,0,0,0,0,0,0,0,0,2
"291","SdotYam25","SdotYam","N","18/04/2021",2021,25,"Spring",7,18735,"fish",34.87,32.511,"SdotYam254Spring2021",2,4,0,0,0,0,0,0,2,0,0,0,0,0,0,0,0,0,0,0,0,0,0,0,0,0,0,0,0,0,0,0,0,0,0,0,0,0,0,0,2,0,0,0,0,0,0,0,0,0,0
"292","SdotYam25","SdotYam","N","25/10/2016",2016,25,"Fall",10,17099,"fish",34.87,32.511,"SdotYam251Fall2016",4,17,0,0,0,0,0,14,1,0,0,0,0,0,0,0,0,0,0,0,0,0,0,0,0,0,0,0,0,0,0,0,0,0,0,0,0,0,0,0,1,0,0,0,0,0,0,0,0,0,1
"293","SdotYam25","SdotYam","N","25/10/2016",2016,25,"Fall",10,17099,"fish",34.87,32.511,"SdotYam252Fall2016",4,190,0,0,0,0,0,180,0,0,0,0,0,0,0,0,0,0,0,0,0,0,0,3,0,0,0,0,0,0,0,0,0,0,0,0,0,0,0,0,0,0,2,5,0,0,0,0,0,0,0
"294","SdotYam25","SdotYam","N","25/10/2016",2016,25,"Fall",10,17099,"fish",34.87,32.511,"SdotYam253Fall2016",5,50,0,0,0,0,0,1,8,0,0,0,0,0,0,0,0,0,0,0,0,0,0,0,0,0,0,3,0,0,0,0,0,0,0,0,0,0,0,0,4,0,0,34,0,0,0,0,0,0,0
"295","SdotYam25","SdotYam","N","25/10/2016",2016,25,"Fall",10,17099,"fish",34.87,32.511,"SdotYam254Fall2016",4,117,0,0,0,0,0,90,10,0,0,0,0,0,0,0,0,0,0,0,0,0,0,0,0,0,0,0,0,0,0,0,0,0,0,0,0,0,0,0,1,0,0,16,0,0,0,0,0,0,0
"296","SdotYam25","SdotYam","N","27/10/2022",2022,25,"Fall",5,19292,"fish",34.87,32.511,"SdotYam254Fall2022",3,4,0,0,0,0,0,0,2,0,0,0,0,0,0,0,0,0,0,0,0,0,0,0,0,0,0,0,0,0,0,0,0,0,0,0,0,0,0,0,0,1,0,0,0,0,0,0,0,0,1
"297","SdotYam25","SdotYam","N","27/10/2022",2022,25,"Fall",6,19292,"fish",34.87,32.511,"SdotYam251Fall2022",3,12,0,0,0,0,0,0,10,0,0,0,0,0,0,0,0,0,0,0,0,0,0,0,0,0,0,0,0,0,0,0,0,0,0,0,0,0,0,0,0,1,0,0,0,0,0,0,0,0,1
"298","SdotYam25","SdotYam","N","27/10/2022",2022,25,"Fall",6,19292,"fish",34.87,32.511,"SdotYam252Fall2022",9,28,0,0,0,0,0,10,0,0,0,0,0,0,0,0,2,4,0,0,0,0,0,5,0,0,0,0,0,2,0,0,0,0,1,0,0,0,2,0,0,1,0,0,0,0,0,0,0,0,1
"299","SdotYam25","SdotYam","N","27/10/2022",2022,25,"Fall",6,19292,"fish",34.87,32.511,"SdotYam253Fall2022",5,6,0,0,0,0,0,0,0,0,0,0,0,0,0,0,0,1,0,0,0,0,0,1,0,0,0,0,0,0,0,0,0,0,0,0,0,0,0,0,0,1,0,0,0,0,0,0,0,2,1
"300","SdotYam25","SdotYam","N","28/05/2015",2015,25,"Spring",10,16583,"fish",34.87,32.511,"SdotYam251Spring2015",3,4,0,0,0,0,0,2,1,0,0,0,0,0,0,0,0,0,0,0,0,0,0,0,0,0,0,0,0,0,0,0,0,0,0,0,0,0,0,0,0,0,0,0,0,0,0,0,0,1,0
"301","SdotYam25","SdotYam","N","28/05/2015",2015,25,"Spring",10,16583,"fish",34.87,32.511,"SdotYam252Spring2015",2,56,0,0,0,0,0,51,5,0,0,0,0,0,0,0,0,0,0,0,0,0,0,0,0,0,0,0,0,0,0,0,0,0,0,0,0,0,0,0,0,0,0,0,0,0,0,0,0,0,0
"302","SdotYam25","SdotYam","N","28/05/2015",2015,25,"Spring",10,16583,"fish",34.87,32.511,"SdotYam253Spring2015",3,3,0,0,0,0,0,1,1,0,0,0,0,0,0,0,0,0,0,0,0,0,0,0,0,0,0,0,0,0,0,0,0,0,1,0,0,0,0,0,0,0,0,0,0,0,0,0,0,0,0
"303","SdotYam25","SdotYam","N","28/05/2015",2015,25,"Spring",10,16583,"fish",34.87,32.511,"SdotYam254Spring2015",2,11,0,0,0,2,0,0,9,0,0,0,0,0,0,0,0,0,0,0,0,0,0,0,0,0,0,0,0,0,0,0,0,0,0,0,0,0,0,0,0,0,0,0,0,0,0,0,0,0,0
"304","SdotYam25","SdotYam","N","29/05/2022",2022,25,"Spring",5,19141,"fish",34.87,32.511,"SdotYam253Spring2022",5,66,0,0,0,0,0,0,19,0,0,0,0,0,0,0,0,0,0,0,0,0,0,24,0,0,0,0,0,0,0,0,0,0,0,0,0,0,0,0,0,0,0,0,0,1,0,0,0,20,2
"305","SdotYam25","SdotYam","N","29/05/2022",2022,25,"Spring",6,19141,"fish",34.87,32.511,"SdotYam251Spring2022",7,25,0,0,0,0,0,0,5,0,0,0,0,0,0,0,3,2,0,0,0,0,0,6,0,0,0,0,0,1,0,0,0,0,0,0,0,0,0,0,0,0,0,0,0,0,0,0,0,6,2
"306","SdotYam25","SdotYam","N","29/05/2022",2022,25,"Spring",7,19141,"fish",34.87,32.511,"SdotYam254Spring2022",8,40,0,0,0,0,0,1,2,0,0,0,0,0,0,0,11,11,0,0,0,0,0,10,0,0,0,0,0,0,0,0,0,0,0,0,0,0,0,2,0,0,0,0,0,0,0,0,0,1,2
"307","SdotYam25","SdotYam","N","29/05/2022",2022,25,"Spring",8,19141,"fish",34.87,32.511,"SdotYam252Spring2022",5,31,0,0,0,0,0,0,0,0,0,0,0,0,0,0,1,1,0,0,0,0,0,23,0,0,0,0,0,0,0,0,0,0,0,0,0,0,0,0,0,0,0,0,0,0,0,0,0,5,1
"308","SdotYam25","SdotYam","N","31/10/2021",2021,25,"Fall",8,18931,"fish",34.87,32.511,"SdotYam253Fall2021",5,86,0,0,0,0,0,0,10,0,0,0,0,0,0,0,0,0,0,0,0,0,0,2,0,0,0,10,0,0,0,0,0,0,0,0,0,0,0,0,0,0,0,60,0,0,0,0,0,0,4
"309","SdotYam25","SdotYam","N","31/10/2021",2021,25,"Fall",8,18931,"fish",34.87,32.511,"SdotYam254Fall2021",5,54,0,0,0,0,0,40,0,0,0,0,0,0,0,0,2,0,0,0,0,0,0,0,0,0,0,8,0,0,0,0,0,0,0,0,0,0,0,0,0,2,0,0,0,0,0,0,0,0,2
"310","SdotYam25","SdotYam","N","31/10/2021",2021,25,"Fall",9,18931,"fish",34.87,32.511,"SdotYam251Fall2021",6,134,0,0,0,0,0,24,10,0,0,0,0,0,0,0,0,0,0,0,0,0,0,0,0,0,0,12,0,0,0,0,0,0,0,0,0,0,0,0,0,0,0,80,0,0,0,0,0,2,6
"311","SdotYam25","SdotYam","N","31/10/2021",2021,25,"Fall",9,18931,"fish",34.87,32.511,"SdotYam252Fall2021",7,102,0,0,0,0,0,0,6,0,0,0,0,0,0,0,8,6,0,0,0,0,0,24,0,0,0,52,0,0,0,0,0,0,0,0,0,0,0,0,0,2,0,0,0,0,0,0,0,0,4
"312","SdotYam45","SdotYam","N","04/11/2021",2021,45,"Fall",6,18935,"fish",34.853,32.53,"SdotYam452Fall2021",4,96,0,0,0,0,0,90,1,0,0,0,0,0,0,0,0,0,0,0,0,0,0,0,0,0,0,0,0,0,0,0,0,0,0,0,0,0,0,0,2,0,0,0,0,0,0,0,0,0,3
"313","SdotYam45","SdotYam","N","04/11/2021",2021,45,"Fall",6,18935,"fish",34.853,32.53,"SdotYam453Fall2021",4,31,0,0,0,0,0,20,0,0,0,0,0,0,0,0,0,0,0,0,0,0,0,0,0,0,0,4,0,6,0,0,0,0,0,0,0,0,0,0,0,0,0,0,0,1,0,0,0,0,0
"314","SdotYam45","SdotYam","N","04/11/2021",2021,45,"Fall",6,18935,"fish",34.853,32.53,"SdotYam454Fall2021",4,34,0,0,0,0,0,30,0,0,0,0,0,0,0,0,0,0,0,0,0,0,0,0,0,0,0,1,0,0,0,0,0,0,0,0,0,0,0,0,1,0,0,0,0,0,0,0,0,0,2
"315","SdotYam45","SdotYam","N","04/11/2021",2021,45,"Fall",7,18935,"fish",34.853,32.53,"SdotYam451Fall2021",3,7,0,0,0,0,0,0,0,0,0,0,0,0,0,0,0,4,0,0,0,0,0,2,0,0,0,0,0,1,0,0,0,0,0,0,0,0,0,0,0,0,0,0,0,0,0,0,0,0,0
"316","SdotYam45","SdotYam","N","09/11/2020",2020,45,"Fall",7,18575,"fish",34.853,32.53,"SdotYam451Fall2020",5,110,0,0,0,0,0,90,2,0,0,0,0,0,0,0,0,0,0,0,0,0,0,0,0,0,0,0,0,8,0,0,0,0,0,0,0,0,0,0,0,0,0,4,6,0,0,0,0,0,0
"317","SdotYam45","SdotYam","N","09/11/2020",2020,45,"Fall",7,18575,"fish",34.853,32.53,"SdotYam452Fall2020",6,46,0,0,0,0,0,25,3,0,0,0,0,0,0,0,0,1,0,0,0,0,0,2,0,0,0,0,0,14,0,0,0,0,0,0,0,0,0,0,1,0,0,0,0,0,0,0,0,0,0
"318","SdotYam45","SdotYam","N","09/11/2020",2020,45,"Fall",7,18575,"fish",34.853,32.53,"SdotYam453Fall2020",6,54,0,0,0,0,0,20,5,0,0,0,0,0,0,0,0,0,0,0,0,0,0,0,0,0,0,0,0,2,0,0,0,0,0,0,0,0,0,0,0,0,0,20,3,4,0,0,0,0,0
"319","SdotYam45","SdotYam","N","09/11/2020",2020,45,"Fall",7,18575,"fish",34.853,32.53,"SdotYam454Fall2020",3,20,0,0,0,0,0,4,12,0,0,0,0,0,0,0,0,0,0,0,0,0,0,0,0,0,0,0,0,0,0,0,0,0,0,0,0,0,0,0,0,0,0,0,4,0,0,0,0,0,0
"320","SdotYam45","SdotYam","N","10/12/2017",2017,45,"Fall",5.5,17510,"fish",34.853,32.53,"SdotYam453Fall2017",4,150,0,0,0,0,0,43,6,0,0,0,0,0,0,0,0,0,0,0,0,0,0,0,0,0,0,0,0,0,0,0,0,100,0,0,0,0,0,0,1,0,0,0,0,0,0,0,0,0,0
"321","SdotYam45","SdotYam","N","10/12/2017",2017,45,"Fall",6,17510,"fish",34.853,32.53,"SdotYam451Fall2017",4,71,0,0,0,0,0,46,0,0,0,0,0,0,0,0,0,0,0,0,0,0,0,0,0,0,0,1,0,0,0,0,0,20,0,0,0,0,0,0,4,0,0,0,0,0,0,0,0,0,0
"322","SdotYam45","SdotYam","N","10/12/2017",2017,45,"Fall",6,17510,"fish",34.853,32.53,"SdotYam452Fall2017",5,81,0,0,0,0,0,47,0,0,0,0,0,0,0,0,0,0,0,0,0,0,0,0,0,0,0,5,0,0,0,0,0,0,0,0,0,0,0,0,3,0,0,25,1,0,0,0,0,0,0
"323","SdotYam45","SdotYam","N","10/12/2017",2017,45,"Fall",6,17510,"fish",34.853,32.53,"SdotYam454Fall2017",4,108,0,0,0,0,0,100,0,0,0,0,0,0,0,0,0,0,0,0,0,0,0,0,0,0,0,0,0,0,0,0,0,0,0,0,0,1,0,0,1,0,0,6,0,0,0,0,0,0,0
"324","SdotYam45","SdotYam","N","11/05/2017",2017,45,"Spring",7,17297,"fish",34.853,32.53,"SdotYam453Spring2017",1,1,0,0,0,0,0,0,0,0,0,0,0,0,0,0,0,0,0,0,0,0,0,0,0,0,0,0,0,0,0,0,0,0,0,0,0,0,0,0,1,0,0,0,0,0,0,0,0,0,0
"325","SdotYam45","SdotYam","N","11/05/2017",2017,45,"Spring",8,17297,"fish",34.853,32.53,"SdotYam452Spring2017",4,8,0,0,0,0,0,2,3,0,0,0,0,0,0,0,1,0,0,0,0,0,0,0,0,0,0,0,0,0,0,0,0,0,0,0,0,0,0,0,2,0,0,0,0,0,0,0,0,0,0
"326","SdotYam45","SdotYam","N","11/05/2017",2017,45,"Spring",8,17297,"fish",34.853,32.53,"SdotYam454Spring2017",5,74,0,0,0,0,0,57,3,0,0,0,0,0,0,0,2,0,0,0,0,0,0,0,0,0,0,0,0,0,0,0,0,0,0,0,0,0,0,0,1,0,0,0,11,0,0,0,0,0,0
"327","SdotYam45","SdotYam","N","11/05/2017",2017,45,"Spring",9,17297,"fish",34.853,32.53,"SdotYam451Spring2017",2,5,0,0,0,0,0,0,4,0,0,0,0,0,0,0,0,0,0,0,0,0,0,0,0,0,0,0,0,0,0,0,0,0,0,0,0,0,0,0,1,0,0,0,0,0,0,0,0,0,0
"328","SdotYam45","SdotYam","N","11/11/2019",2019,45,"Fall",5,18211,"fish",34.853,32.53,"SdotYam451Fall2019",6,276,0,0,0,0,0,170,1,0,0,0,0,0,0,0,0,1,0,0,0,0,0,0,0,0,0,0,0,3,0,0,0,100,0,0,0,0,0,0,0,0,0,0,0,0,0,0,0,0,1
"329","SdotYam45","SdotYam","N","11/11/2019",2019,45,"Fall",5,18211,"fish",34.853,32.53,"SdotYam452Fall2019",4,126,0,0,0,0,0,71,2,0,0,0,0,0,0,0,0,0,0,0,0,0,0,0,0,0,0,0,0,0,0,0,0,50,0,0,0,0,0,0,3,0,0,0,0,0,0,0,0,0,0
"330","SdotYam45","SdotYam","N","11/11/2019",2019,45,"Fall",5,18211,"fish",34.853,32.53,"SdotYam453Fall2019",5,407,0,0,0,0,0,160,2,0,0,0,0,0,0,0,0,0,0,0,0,0,0,0,0,0,0,0,0,0,0,0,0,240,0,0,0,0,0,0,4,0,0,0,0,0,1,0,0,0,0
"331","SdotYam45","SdotYam","N","11/11/2019",2019,45,"Fall",5,18211,"fish",34.853,32.53,"SdotYam454Fall2019",2,21,0,0,0,0,0,20,0,0,0,0,0,0,0,0,0,0,0,0,0,0,0,0,0,0,0,0,0,0,0,0,0,0,0,0,0,0,0,0,0,0,0,0,0,0,0,0,0,0,1
"332","SdotYam45","SdotYam","N","12/05/2021",2021,45,"Spring",7,18759,"fish",34.853,32.53,"SdotYam451Spring2021",4,56,0,0,0,0,0,50,1,0,0,0,0,0,0,0,0,0,0,0,0,0,0,0,0,0,0,4,0,0,0,0,0,0,0,0,0,0,0,0,0,0,0,0,0,0,0,0,0,0,1
"333","SdotYam45","SdotYam","N","12/05/2021",2021,45,"Spring",7,18759,"fish",34.853,32.53,"SdotYam452Spring2021",2,91,0,0,0,0,0,90,0,0,0,0,0,0,0,0,0,0,0,0,0,0,0,0,0,0,0,0,0,0,0,0,0,0,0,0,0,0,0,0,0,0,0,0,0,0,1,0,0,0,0
"334","SdotYam45","SdotYam","N","12/05/2021",2021,45,"Spring",7,18759,"fish",34.853,32.53,"SdotYam453Spring2021",5,20,0,0,0,0,0,15,2,0,0,0,0,0,0,0,0,0,0,0,0,0,0,0,0,0,0,0,0,0,0,0,0,0,0,0,0,0,0,0,1,0,0,0,1,0,0,0,0,1,0
"335","SdotYam45","SdotYam","N","12/05/2021",2021,45,"Spring",7,18759,"fish",34.853,32.53,"SdotYam454Spring2021",4,75,0,0,0,0,0,70,2,0,0,0,0,0,0,0,0,1,0,0,0,0,0,2,0,0,0,0,0,0,0,0,0,0,0,0,0,0,0,0,0,0,0,0,0,0,0,0,0,0,0
"336","SdotYam45","SdotYam","N","18/05/2016",2016,45,"Spring",6,16939,"fish",34.853,32.53,"SdotYam451Spring2016",1,1,0,0,0,0,0,0,0,0,0,0,0,0,0,0,0,0,0,0,0,0,0,0,0,0,0,0,0,0,0,0,0,0,0,0,0,0,0,0,1,0,0,0,0,0,0,0,0,0,0
"337","SdotYam45","SdotYam","N","18/05/2016",2016,45,"Spring",6,16939,"fish",34.853,32.53,"SdotYam452Spring2016",2,8,0,0,0,0,0,0,7,0,0,0,0,0,0,0,0,0,0,0,0,0,0,0,0,0,0,0,0,0,0,0,0,0,0,0,0,0,0,0,1,0,0,0,0,0,0,0,0,0,0
"338","SdotYam45","SdotYam","N","18/05/2016",2016,45,"Spring",6,16939,"fish",34.853,32.53,"SdotYam453Spring2016",3,34,0,0,0,0,0,28,5,0,0,0,0,0,0,0,0,0,0,0,0,0,0,0,0,0,0,0,0,0,0,0,0,0,0,0,0,0,0,0,1,0,0,0,0,0,0,0,0,0,0
"339","SdotYam45","SdotYam","N","18/05/2016",2016,45,"Spring",6,16939,"fish",34.853,32.53,"SdotYam454Spring2016",3,308,0,0,0,0,0,302,5,0,0,0,0,0,0,0,0,0,0,0,0,0,0,0,0,0,0,0,0,0,0,0,0,0,0,0,0,0,0,0,1,0,0,0,0,0,0,0,0,0,0
"340","SdotYam45","SdotYam","N","18/06/2015",2015,45,"Spring",10,16604,"fish",34.853,32.53,"SdotYam451Spring2015",1,1,0,0,0,0,0,0,0,0,0,0,0,0,0,0,0,0,0,0,0,0,0,0,0,0,0,0,0,0,0,0,0,0,0,0,0,0,0,0,1,0,0,0,0,0,0,0,0,0,0
"341","SdotYam45","SdotYam","N","18/06/2015",2015,45,"Spring",10,16604,"fish",34.853,32.53,"SdotYam452Spring2015",2,3,0,0,0,0,0,2,0,0,0,0,0,0,0,0,0,0,0,0,0,0,0,0,0,0,0,0,0,0,0,0,0,0,0,0,0,0,0,0,1,0,0,0,0,0,0,0,0,0,0
"342","SdotYam45","SdotYam","N","18/06/2015",2015,45,"Spring",10,16604,"fish",34.853,32.53,"SdotYam453Spring2015",3,16,0,0,0,0,0,13,2,0,0,0,0,0,0,0,0,0,0,0,0,0,0,0,0,0,0,0,0,0,0,0,0,0,0,0,0,0,0,0,1,0,0,0,0,0,0,0,0,0,0
"343","SdotYam45","SdotYam","N","20/05/2019",2019,45,"Spring",6,18036,"fish",34.853,32.53,"SdotYam451Spring2019",5,24,0,0,0,0,0,16,3,0,0,0,0,0,0,0,0,0,0,0,0,0,1,0,0,0,0,0,0,0,0,0,0,0,0,0,0,0,0,0,3,0,0,0,0,0,0,0,0,0,1
"344","SdotYam45","SdotYam","N","20/05/2019",2019,45,"Spring",6,18036,"fish",34.853,32.53,"SdotYam452Spring2019",3,38,0,0,0,0,0,35,0,0,0,0,0,0,0,0,0,0,0,0,0,0,0,0,0,0,0,0,0,0,0,0,2,0,0,0,0,0,0,0,1,0,0,0,0,0,0,0,0,0,0
"345","SdotYam45","SdotYam","N","20/05/2019",2019,45,"Spring",6,18036,"fish",34.853,32.53,"SdotYam453Spring2019",4,110,0,0,0,0,0,107,1,0,0,0,0,0,0,0,0,0,0,0,0,0,0,0,0,0,0,0,0,1,0,0,0,0,0,0,0,0,0,0,0,0,0,0,0,0,0,0,0,1,0
"346","SdotYam45","SdotYam","N","20/05/2019",2019,45,"Spring",6,18036,"fish",34.853,32.53,"SdotYam454Spring2019",5,12,0,0,0,0,0,1,4,0,0,0,0,0,0,0,0,0,0,0,0,0,0,1,0,0,0,0,0,0,0,0,0,0,0,0,0,0,0,0,1,0,0,5,0,0,0,0,0,0,0
"347","SdotYam45","SdotYam","N","23/05/2018",2018,45,"Spring",6,17674,"fish",34.853,32.53,"SdotYam451Spring2018",3,9,0,0,0,0,0,0,4,0,0,0,0,0,0,0,0,0,0,0,0,0,0,0,0,0,0,0,0,0,0,0,0,0,0,0,0,0,0,0,2,0,0,3,0,0,0,0,0,0,0
"348","SdotYam45","SdotYam","N","23/05/2018",2018,45,"Spring",6,17674,"fish",34.853,32.53,"SdotYam452Spring2018",1,4,0,0,0,0,0,0,0,0,0,0,0,0,0,0,0,0,0,0,0,0,0,0,0,0,0,0,0,0,0,0,0,0,0,0,0,0,0,0,4,0,0,0,0,0,0,0,0,0,0
"349","SdotYam45","SdotYam","N","23/05/2018",2018,45,"Spring",6,17674,"fish",34.853,32.53,"SdotYam453Spring2018",2,4,0,0,0,0,0,0,0,0,0,0,0,0,0,0,0,0,0,0,0,0,1,0,0,0,0,0,0,0,0,0,0,0,0,0,0,0,0,0,3,0,0,0,0,0,0,0,0,0,0
"350","SdotYam45","SdotYam","N","23/05/2018",2018,45,"Spring",6,17674,"fish",34.853,32.53,"SdotYam454Spring2018",3,7,0,0,0,0,0,1,4,0,0,0,0,0,0,0,0,0,0,0,0,0,0,0,0,0,0,0,0,0,0,0,0,0,0,0,0,0,0,0,2,0,0,0,0,0,0,0,0,0,0
"351","SdotYam45","SdotYam","N","25/11/2015",2015,45,"Fall",8,16764,"fish",34.853,32.53,"SdotYam451Fall2015",6,25,0,0,0,0,0,4,3,0,0,0,0,0,1,0,0,0,0,0,0,0,0,0,0,0,0,0,0,0,0,0,0,0,0,0,0,0,0,0,6,0,0,10,0,0,0,1,0,0,0
"352","SdotYam45","SdotYam","N","25/11/2015",2015,45,"Fall",8,16764,"fish",34.853,32.53,"SdotYam452Fall2015",4,52,0,0,0,0,0,23,10,0,0,0,0,0,0,0,0,0,0,0,0,0,0,0,0,0,0,0,0,0,0,0,0,0,0,0,0,0,0,0,7,0,0,12,0,0,0,0,0,0,0
"353","SdotYam45","SdotYam","N","25/11/2015",2015,45,"Fall",8,16764,"fish",34.853,32.53,"SdotYam453Fall2015",4,124,0,0,0,0,0,99,0,0,0,0,0,0,0,0,0,0,0,0,0,0,0,0,0,0,0,0,0,0,0,0,10,0,0,0,0,0,0,0,1,0,0,14,0,0,0,0,0,0,0
"354","SdotYam45","SdotYam","N","25/11/2015",2015,45,"Fall",8,16764,"fish",34.853,32.53,"SdotYam454Fall2015",5,143,0,0,0,0,0,72,10,0,0,0,0,0,0,0,0,0,0,0,0,0,0,0,0,0,0,0,0,0,0,0,2,0,0,0,0,0,0,0,3,0,0,56,0,0,0,0,0,0,0
"355","SdotYam45","SdotYam","N","25/12/2018",2018,45,"Fall",8,17890,"fish",34.853,32.53,"SdotYam451Fall2018",5,43,0,0,0,0,0,31,2,0,0,0,0,0,0,0,0,0,0,0,0,0,0,0,0,0,0,0,0,0,0,0,0,0,0,0,0,0,0,0,3,0,0,4,0,0,0,0,0,0,3
"356","SdotYam45","SdotYam","N","25/12/2018",2018,45,"Fall",8,17890,"fish",34.853,32.53,"SdotYam452Fall2018",5,112,0,0,0,0,0,93,1,0,0,0,0,0,0,0,0,0,0,0,0,0,0,0,0,0,0,15,0,0,0,0,0,0,0,0,0,0,0,0,1,0,0,2,0,0,0,0,0,0,0
"357","SdotYam45","SdotYam","N","25/12/2018",2018,45,"Fall",8,17890,"fish",34.853,32.53,"SdotYam453Fall2018",4,29,1,0,0,0,0,22,0,0,0,0,0,0,0,0,0,0,0,0,0,0,0,0,0,0,0,4,0,0,0,0,0,0,0,0,0,0,0,0,0,0,0,0,0,0,0,0,0,0,2
"358","SdotYam45","SdotYam","N","25/12/2018",2018,45,"Fall",8,17890,"fish",34.853,32.53,"SdotYam454Fall2018",3,33,0,0,0,0,0,23,0,0,0,0,0,0,0,0,0,0,0,0,0,0,0,0,0,0,0,8,0,0,0,0,0,0,0,0,0,0,0,0,2,0,0,0,0,0,0,0,0,0,0
